customer_id,customer_name,signup_date,City,order_id,order_date,payment_method,order_item_id,product_id,quantity,unit_price,product_name,category,base_price
C0001,Customer_1,2024-02-09,city_Customer_1,O00309,2024-02-27,Debit Card,124,P033,2.0,42539.0,Wireless Mouse,Laptop,47453.0
C0001,Customer_1,2024-02-09,city_Customer_1,O00309,2024-02-27,Debit Card,235,P070,4.0,35845.0,Ipad Air,Tablet,33141.25
C0001,Customer_1,2024-02-09,city_Customer_1,O00309,2024-02-27,Debit Card,397,P064,3.0,57795.5,Lenovo Ideapad,Accessories,81129.0
C0001,Customer_1,2024-02-09,city_Customer_1,O00309,2024-02-27,Debit Card,719,P029,4.0,35095.5,Samsung Galaxy,Accessories,39583.26
C0001,Customer_1,2024-02-09,city_Customer_1,O00309,2024-02-27,Debit Card,1206,P060,0.0,28975.0,Usb Hub,Laptop,31558.076923076922
C0001,Customer_1,2024-02-09,city_Customer_1,O00309,2024-02-27,Debit Card,1760,P068,0.0,68387.0,Xiaomi Redmi,Tablet,43027.0
C0001,Customer_1,2024-02-09,city_Customer_1,O00309,2024-02-27,Debit Card,1876,P006,2.0,64844.0,Laptop Bag,Tablet,61785.52173913043
C0001,Customer_1,2024-02-09,city_Customer_1,O00541,2024-10-19,Upi,1885,P073,0.0,59778.0,Lenovo Tab,Accessory,3393.0
C0001,Customer_1,2024-02-09,city_Customer_1,O00675,2025-03-12,Upi,816,P007,0.0,82381.0,Hp Pavilion,Accessories,57956.333333333336
C0001,Customer_1,2024-02-09,city_Customer_1,O00782,2024-01-20,Upi,48,P038,1.0,58815.0,Xiaomi Redmi,Laptop,53205.84210526316
C0001,Customer_1,2024-02-09,city_Customer_1,O00782,2024-01-20,Upi,483,P023,2.0,47118.0,Lenovo Tab,Tablet,48549.107142857145
C0001,Customer_1,2024-02-09,city_Customer_1,O00987,2025-03-17,Cash On Delivery,251,P062,0.0,43803.0,Dell Inspiron,Tablet,44048.24444444444
C0001,Customer_1,2024-02-09,city_Customer_1,O00987,2025-03-17,Cash On Delivery,1020,P016,0.0,36124.0,Ipad Air,Smart Phone,37730.5
C0001,Customer_1,2024-02-09,city_Customer_1,O00987,2025-03-17,Cash On Delivery,1763,P047,4.0,61995.0,Oneplus,Smart Phone,33791.0
C0002,Customer_2,2025-04-20,city_Customer_2,O00812,2025-01-29,Cash On Delivery,107,P079,2.0,19809.0,Oneplus,Tablet,49850.653846153844
C0002,Customer_2,2025-04-20,city_Customer_2,O00812,2025-01-29,Cash On Delivery,243,P058,4.0,62222.0,Lenovo Ideapad,Smartphone,41597.0
C0002,Customer_2,2025-04-20,city_Customer_2,O00812,2025-01-29,Cash On Delivery,297,P018,2.0,48708.5,Dell Inspiron,Laptop,50919.833333333336
C0002,Customer_2,2025-04-20,city_Customer_2,O00812,2025-01-29,Cash On Delivery,1788,P038,3.0,60117.0,Xiaomi Redmi,Laptop,53205.84210526316
C0003,Customer_3,2024-08-19,city_Customer_3,O00360,2024-01-17,Cash On Delivery,1566,P059,1.0,30040.0,Oneplus,Accessories,33875.24324324324
C0003,Customer_3,2024-08-19,city_Customer_3,O00788,2024-02-06,Upi,390,P044,4.0,82660.0,Oneplus,Tablet,13294.0
C0003,Customer_3,2024-08-19,city_Customer_3,O00788,2024-02-06,Upi,610,P060,3.0,30084.0,Usb Hub,Laptop,31558.076923076922
C0003,Customer_3,2024-08-19,city_Customer_3,O00788,2024-02-06,Upi,1210,P076,2.0,58608.0,Wireless Mouse,Accessory,15249.0
C0003,Customer_3,2024-08-19,city_Customer_3,O00788,2024-02-06,Upi,1653,P038,2.0,3939.0,Xiaomi Redmi,Laptop,53205.84210526316
C0004,Customer_4,2023-08-08,city_Customer_4,O00730,2024-08-22,Credit Card,1664,P076,4.0,58608.0,Wireless Mouse,Accessory,15249.0
C0005,Customer_4,2024-03-04,city_Customer_4,O00065,2024-01-05,Upi,23,P070,3.0,39413.0,Ipad Air,Tablet,33141.25
C0005,Customer_4,2024-03-04,city_Customer_4,O00065,2024-01-05,Upi,34,P014,3.0,26826.0,Xiaomi Redmi,Laptop,5475.0
C0005,Customer_4,2024-03-04,city_Customer_4,O00065,2024-01-05,Upi,536,P068,3.0,53379.0,Xiaomi Redmi,Tablet,43027.0
C0005,Customer_4,2024-03-04,city_Customer_4,O00163,2024-07-01,Unknown,73,P015,3.0,87048.0,Laptop Bag,Smart Phone,76755.0
C0005,Customer_4,2024-03-04,city_Customer_4,O00482,2024-09-05,Credit Card,504,P045,2.0,25471.0,Lenovo Tab,Laptop,50316.055555555555
C0005,Customer_4,2024-03-04,city_Customer_4,O00482,2024-09-05,Credit Card,675,P026,2.0,43771.5,Xiaomi Redmi,Laptop,42897.775862068964
C0005,Customer_4,2024-03-04,city_Customer_4,O00925,2024-03-29,Credit Card,1857,P046,3.0,71194.0,Iphone 13,Accessories,62283.933333333334
C0005,Customer_4,2024-03-04,city_Customer_4,O01107,2024-02-14,Credit Card,461,P015,2.0,25406.0,Laptop Bag,Smart Phone,76755.0
C0005,Customer_4,2024-03-04,city_Customer_4,O01107,2024-02-14,Credit Card,1732,P055,1.0,40760.0,Keyboard,Accessory,40085.583333333336
C0006,Customer_6,2024-07-18,city_Customer_6,O00120,2025-04-25,Debit Card,702,P014,4.0,28858.5,Xiaomi Redmi,Laptop,5475.0
C0006,Customer_6,2024-07-18,city_Customer_6,O00120,2025-04-25,Debit Card,841,P050,4.0,41680.0,Lenovo Ideapad,Tablet,59514.0
C0006,Customer_6,2024-07-18,city_Customer_6,O00120,2025-04-25,Debit Card,1165,P072,1.0,35729.0,Dell Inspiron,Tablet,52421.12765957447
C0006,Customer_6,2024-07-18,city_Customer_6,O00780,2024-07-19,Credit Card,296,P033,2.0,42539.0,Wireless Mouse,Laptop,47453.0
C0007,Customer_7,2023-05-07,city_Customer_7,O00049,2024-01-24,Unknown,384,P072,3.0,54236.0,Dell Inspiron,Tablet,52421.12765957447
C0007,Customer_7,2023-05-07,city_Customer_7,O00537,2024-12-14,Cash On Delivery,1026,P052,4.0,31337.0,Xiaomi Redmi,Smart Phone,49998.94117647059
C0008,Customer_8,2024-10-04,city_Customer_8,O00771,2024-05-04,Cash On Delivery,555,P075,3.0,70508.0,Iphone 13,Smart Phone,65357.26666666667
C0009,Customer_9,2024-08-13,city_Customer_9,O00343,2024-07-02,Debit Card,618,P001,4.0,32938.0,Lenovo Ideapad,Tablet,28151.0
C0009,Customer_9,2024-08-13,city_Customer_9,O00343,2024-07-02,Debit Card,1105,P051,0.0,2530.0,Keyboard,Smart Phone,18522.0
C0010,Customer_10,2023-08-15,city_Customer_10,O00093,2025-09-02,Unknown,1229,P048,0.0,19544.0,Wireless Mouse,Laptop,47676.0
C0010,Customer_10,2023-08-15,city_Customer_10,O00488,2024-09-03,Credit Card,170,P079,4.0,84451.0,Oneplus,Tablet,49850.653846153844
C0010,Customer_10,2023-08-15,city_Customer_10,O00488,2024-09-03,Credit Card,1920,P008,2.0,37548.5,Hp Pavilion,Accessory,38717.39473684211
C0010,Customer_10,2023-08-15,city_Customer_10,O00905,2024-08-15,Cash On Delivery,395,P033,2.0,42539.0,Wireless Mouse,Laptop,47453.0
C0010,Customer_10,2023-08-15,city_Customer_10,O00905,2024-08-15,Cash On Delivery,1737,P046,2.0,71194.0,Iphone 13,Accessories,62283.933333333334
C0011,Customer_10,2023-10-24,city_Customer_10,O00988,2025-07-02,Upi,244,P015,0.0,65664.0,Laptop Bag,Smart Phone,76755.0
C0011,Customer_10,2023-10-24,city_Customer_10,O00988,2025-07-02,Upi,1575,P013,2.0,30560.0,Samsung Galaxy,Smart Phone,51735.0
C0012,Customer_12,2023-05-01,city_Customer_12,O00020,2024-04-17,Debit Card,419,P068,0.0,53379.0,Xiaomi Redmi,Tablet,43027.0
C0012,Customer_12,2023-05-01,city_Customer_12,O00020,2024-04-17,Debit Card,812,P047,0.0,27083.0,Oneplus,Smart Phone,33791.0
C0012,Customer_12,2023-05-01,city_Customer_12,O00020,2024-04-17,Debit Card,1046,P022,4.0,31350.5,Samsung Tab,Accessory,33689.54878048781
C0012,Customer_12,2023-05-01,city_Customer_12,O00020,2024-04-17,Debit Card,1965,P043,2.0,32759.5,Usb Hub,Accessory,35204.98387096774
C0012,Customer_12,2023-05-01,city_Customer_12,O00393,2025-02-26,Upi,229,P033,2.0,42539.0,Wireless Mouse,Laptop,47453.0
C0013,Customer_13,2025-04-15,city_Customer_13,O00878,2024-03-07,Credit Card,507,P023,2.0,47118.0,Lenovo Tab,Tablet,48549.107142857145
C0013,Customer_13,2025-04-15,city_Customer_13,O00878,2024-03-07,Credit Card,1721,P031,4.0,57731.0,Samsung Tab,Accessories,57484.28571428572
C0013,Customer_13,2025-04-15,city_Customer_13,O00878,2024-03-07,Credit Card,1851,P060,2.0,30084.0,Usb Hub,Laptop,31558.076923076922
C0014,Customer_14,2024-08-18,city_Customer_14,O00380,2024-04-26,Unknown,1,P033,2.0,42539.0,Wireless Mouse,Laptop,47453.0
C0014,Customer_14,2024-08-18,city_Customer_14,O00380,2024-04-26,Unknown,721,P027,4.0,10850.0,Ipad Air,Smart Phone,40595.0
C0014,Customer_14,2024-08-18,city_Customer_14,O00380,2024-04-26,Unknown,1636,P041,4.0,41654.5,Laptop Bag,Smart Phone,42118.0
C0014,Customer_14,2024-08-18,city_Customer_14,O00753,2025-03-03,Debit Card,733,P072,2.0,81763.0,Dell Inspiron,Tablet,52421.12765957447
C0014,Customer_14,2024-08-18,city_Customer_14,O00753,2025-03-03,Debit Card,1734,P036,1.0,42028.0,Lenovo Ideapad,Tablet,40888.2
C0014,Customer_14,2024-08-18,city_Customer_14,O00753,2025-03-03,Debit Card,1905,P018,0.0,74253.0,Dell Inspiron,Laptop,50919.833333333336
C0014,Customer_14,2024-08-18,city_Customer_14,O00944,2024-04-08,Credit Card,729,P001,1.0,53114.0,Lenovo Ideapad,Tablet,28151.0
C0014,Customer_14,2024-08-18,city_Customer_14,O00944,2024-04-08,Credit Card,872,P019,3.0,38300.0,Samsung Galaxy,Smartphone,40344.217391304344
C0014,Customer_14,2024-08-18,city_Customer_14,O00944,2024-04-08,Credit Card,1996,P007,4.0,64106.0,Hp Pavilion,Accessories,57956.333333333336
C0014,Customer_14,2024-08-18,city_Customer_14,O01156,2024-10-20,Credit Card,1562,P030,0.0,45160.0,Laptop Bag,Accessory,44051.0
C0015,Customer_15,2024-01-17,city_Customer_15,O00826,2024-07-02,Upi,1658,P022,4.0,7671.0,Samsung Tab,Accessory,33689.54878048781
C0016,Customer_16,2023-03-06,city_Customer_16,O00081,2025-03-01,Debit Card,1719,P006,2.0,64844.0,Laptop Bag,Tablet,61785.52173913043
C0016,Customer_16,2023-03-06,city_Customer_16,O00473,2024-02-03,Cash On Delivery,716,P040,3.0,55590.0,Keyboard,Smartphone,43837.91935483871
C0016,Customer_16,2023-03-06,city_Customer_16,O00473,2024-02-03,Cash On Delivery,1726,P076,2.0,58608.0,Wireless Mouse,Accessory,15249.0
C0016,Customer_16,2023-03-06,city_Customer_16,O00473,2024-02-03,Cash On Delivery,1925,P023,2.0,47118.0,Lenovo Tab,Tablet,48549.107142857145
C0016,Customer_16,2023-03-06,city_Customer_16,O00503,2024-05-15,Upi,1234,P063,1.0,21381.0,Wireless Mouse,Accessories,49252.851851851854
C0017,Customer_17,2023-07-30,city_Customer_17,O00662,2025-05-01,Unknown,565,P052,1.0,13783.0,Xiaomi Redmi,Smart Phone,49998.94117647059
C0018,Customer_18,2024-03-13,city_Customer_18,O01068,2024-08-07,Upi,732,P033,0.0,42539.0,Wireless Mouse,Laptop,47453.0
C0018,Customer_18,2024-03-13,city_Customer_18,O01068,2024-08-07,Upi,1380,P059,2.0,30040.0,Oneplus,Accessories,33875.24324324324
C0020,Customer_20,2023-11-03,city_Customer_20,O00927,2024-01-13,Upi,270,P049,1.0,28217.0,Wireless Mouse,Smartphone,61022.0
C0020,Customer_20,2023-11-03,city_Customer_20,O00927,2024-01-13,Upi,616,P009,1.0,59337.0,Iphone 13,Tablet,70582.0
C0020,Customer_20,2023-11-03,city_Customer_20,O00927,2024-01-13,Upi,1443,P029,3.0,57922.0,Samsung Galaxy,Accessories,39583.26
C0020,Customer_20,2023-11-03,city_Customer_20,O00927,2024-01-13,Upi,1626,P024,1.0,34391.5,Macbook Air,Smart Phone,37230.45
C0020,Customer_20,2023-11-03,city_Customer_20,O00927,2024-01-13,Upi,1739,P020,1.0,25732.0,Dell Inspiron,Smartphone,42083.15789473684
C0021,Customer_21,2024-12-16,city_Customer_21,O00263,2024-01-28,Cash On Delivery,1690,P052,3.0,52743.0,Xiaomi Redmi,Smart Phone,49998.94117647059
C0021,Customer_21,2024-12-16,city_Customer_21,O00440,2024-04-21,Cash On Delivery,182,P011,1.0,81463.0,Lenovo Ideapad,Accessories,50263.19047619047
C0021,Customer_21,2024-12-16,city_Customer_21,O00440,2024-04-21,Cash On Delivery,1861,P012,0.0,51743.0,Lenovo Ideapad,Accessory,27157.0
C0021,Customer_21,2024-12-16,city_Customer_21,O01065,2024-06-28,Cash On Delivery,199,P013,2.0,65979.0,Samsung Galaxy,Smart Phone,51735.0
C0022,Customer_22,2024-08-11,city_Customer_22,O00035,2024-11-08,Cash On Delivery,1698,P076,1.0,58608.0,Wireless Mouse,Accessory,15249.0
C0022,Customer_22,2024-08-11,city_Customer_22,O00035,2024-11-08,Cash On Delivery,1866,P020,0.0,42154.0,Dell Inspiron,Smartphone,42083.15789473684
C0022,Customer_22,2024-08-11,city_Customer_22,O00168,2024-05-04,Credit Card,1519,P072,0.0,54236.0,Dell Inspiron,Tablet,52421.12765957447
C0022,Customer_22,2024-08-11,city_Customer_22,O00399,2025-03-05,Unknown,587,P067,3.0,63166.0,Usb Hub,Smartphone,33419.208333333336
C0022,Customer_22,2024-08-11,city_Customer_22,O00399,2025-03-05,Unknown,1974,P035,3.0,18969.0,Laptop Bag,Laptop,77306.0
C0023,Customer_23,2025-06-15,city_Customer_23,O00130,2024-11-17,Unknown,373,P026,3.0,53187.0,Xiaomi Redmi,Laptop,42897.775862068964
C0023,Customer_23,2025-06-15,city_Customer_23,O00271,2025-02-09,Upi,823,P033,2.0,10444.0,Wireless Mouse,Laptop,47453.0
C0023,Customer_23,2025-06-15,city_Customer_23,O00271,2025-02-09,Upi,1389,P055,2.0,40760.0,Keyboard,Accessory,40085.583333333336
C0023,Customer_23,2025-06-15,city_Customer_23,O00271,2025-02-09,Upi,1559,P018,1.0,54965.0,Dell Inspiron,Laptop,50919.833333333336
C0023,Customer_23,2025-06-15,city_Customer_23,O00271,2025-02-09,Upi,1894,P031,0.0,24853.0,Samsung Tab,Accessories,57484.28571428572
C0023,Customer_23,2025-06-15,city_Customer_23,O01072,2024-02-08,Credit Card,625,P005,0.0,37524.5,Oneplus,Tablet,41247.38888888889
C0023,Customer_23,2025-06-15,city_Customer_23,O01072,2024-02-08,Credit Card,1761,P062,0.0,81703.0,Dell Inspiron,Tablet,44048.24444444444
C0024,Customer_24,2023-10-22,city_Customer_24,O00751,2025-04-16,Upi,834,P022,1.0,31350.5,Samsung Tab,Accessory,33689.54878048781
C0024,Customer_24,2023-10-22,city_Customer_24,O00884,2024-10-18,Credit Card,1454,P044,2.0,51790.5,Oneplus,Tablet,13294.0
C0027,Customer_27,2024-03-07,city_Customer_27,O00137,2024-05-18,Debit Card,6,P023,1.0,47118.0,Lenovo Tab,Tablet,48549.107142857145
C0027,Customer_27,2024-03-07,city_Customer_27,O00137,2024-05-18,Debit Card,1722,P010,0.0,47877.0,Iphone 13,Smart Phone,41625.760869565216
C0027,Customer_27,2024-03-07,city_Customer_27,O00137,2024-05-18,Debit Card,1816,P029,4.0,79181.0,Samsung Galaxy,Accessories,39583.26
C0027,Customer_27,2024-03-07,city_Customer_27,O00233,2024-01-25,Unknown,488,P052,0.0,52743.0,Xiaomi Redmi,Smart Phone,49998.94117647059
C0027,Customer_27,2024-03-07,city_Customer_27,O00233,2024-01-25,Unknown,1712,P063,1.0,55126.0,Wireless Mouse,Accessories,49252.851851851854
C0028,Customer_27,2023-03-21,city_Customer_27,O01163,2024-01-28,Cash On Delivery,473,P058,1.0,24413.0,Lenovo Ideapad,Smartphone,41597.0
C0028,Customer_27,2023-03-21,city_Customer_27,O01163,2024-01-28,Cash On Delivery,769,P074,4.0,79969.0,Samsung Tab,Tablet,51600.791666666664
C0028,Customer_27,2023-03-21,city_Customer_27,O01163,2024-01-28,Cash On Delivery,803,P024,3.0,20563.0,Macbook Air,Smart Phone,37230.45
C0028,Customer_27,2023-03-21,city_Customer_27,O01163,2024-01-28,Cash On Delivery,881,P048,2.0,31645.0,Wireless Mouse,Laptop,47676.0
C0028,Customer_27,2023-03-21,city_Customer_27,O01163,2024-01-28,Cash On Delivery,1361,P026,0.0,68997.0,Xiaomi Redmi,Laptop,42897.775862068964
C0029,Customer_29,2025-03-19,city_Customer_29,O00110,2024-01-27,Cash On Delivery,1791,P018,1.0,48708.5,Dell Inspiron,Laptop,50919.833333333336
C0030,Customer_30,2023-12-15,city_Customer_30,O00469,2024-06-28,Credit Card,1028,P008,3.0,37548.5,Hp Pavilion,Accessory,38717.39473684211
C0030,Customer_30,2023-12-15,city_Customer_30,O00807,2024-06-15,Upi,249,P008,2.0,37548.5,Hp Pavilion,Accessory,38717.39473684211
C0030,Customer_30,2023-12-15,city_Customer_30,O00807,2024-06-15,Upi,562,P039,0.0,74538.0,Xiaomi Redmi,Accessory,69520.0
C0030,Customer_30,2023-12-15,city_Customer_30,O00807,2024-06-15,Upi,824,P021,4.0,32743.0,Laptop Bag,Laptop,42623.545454545456
C0031,Customer_31,2024-05-23,city_Customer_31,O00757,2025-02-15,Unknown,566,P079,3.0,53168.5,Oneplus,Tablet,49850.653846153844
C0032,Customer_32,2023-03-12,city_Customer_32,O00737,2024-04-24,Upi,1390,P023,3.0,47118.0,Lenovo Tab,Tablet,48549.107142857145
C0032,Customer_32,2023-03-12,city_Customer_32,O00737,2024-04-24,Upi,1790,P020,1.0,49753.0,Dell Inspiron,Smartphone,42083.15789473684
C0032,Customer_32,2023-03-12,city_Customer_32,O00803,2024-12-09,Credit Card,1379,P079,0.0,4318.0,Oneplus,Tablet,49850.653846153844
C0032,Customer_32,2023-03-12,city_Customer_32,O01030,2024-08-05,Debit Card,590,P019,4.0,38300.0,Samsung Galaxy,Smartphone,40344.217391304344
C0032,Customer_32,2023-03-12,city_Customer_32,O01030,2024-08-05,Debit Card,868,P022,4.0,54952.0,Samsung Tab,Accessory,33689.54878048781
C0033,Customer_33,2024-04-30,city_Customer_33,O00072,2024-01-06,Upi,895,P062,2.0,43803.0,Dell Inspiron,Tablet,44048.24444444444
C0033,Customer_33,2024-04-30,city_Customer_33,O00072,2024-01-06,Upi,1042,P045,3.0,61791.0,Lenovo Tab,Laptop,50316.055555555555
C0033,Customer_33,2024-04-30,city_Customer_33,O00072,2024-01-06,Upi,1081,P025,1.0,35780.0,Dell Inspiron,Laptop,84776.0
C0033,Customer_33,2024-04-30,city_Customer_33,O00072,2024-01-06,Upi,1362,P079,2.0,82232.0,Oneplus,Tablet,49850.653846153844
C0033,Customer_33,2024-04-30,city_Customer_33,O00072,2024-01-06,Upi,1590,P016,2.0,80099.0,Ipad Air,Smart Phone,37730.5
C0033,Customer_33,2024-04-30,city_Customer_33,O00972,2024-05-27,Credit Card,1321,P013,1.0,30560.0,Samsung Galaxy,Smart Phone,51735.0
C0033,Customer_33,2024-04-30,city_Customer_33,O01023,2024-10-06,Upi,489,P009,3.0,59337.0,Iphone 13,Tablet,70582.0
C0033,Customer_33,2024-04-30,city_Customer_33,O01023,2024-10-06,Upi,1334,P041,4.0,41654.5,Laptop Bag,Smart Phone,42118.0
C0033,Customer_33,2024-04-30,city_Customer_33,O01023,2024-10-06,Upi,1579,P028,4.0,34950.0,Samsung Galaxy,Tablet,35571.85294117647
C0033,Customer_33,2024-04-30,city_Customer_33,O01023,2024-10-06,Upi,1886,P077,2.0,36191.5,Wireless Mouse,Smart Phone,39614.833333333336
C0037,Customer_37,2024-01-31,city_Customer_37,O00194,2024-11-14,Debit Card,1347,P021,4.0,2678.0,Laptop Bag,Laptop,42623.545454545456
C0037,Customer_37,2024-01-31,city_Customer_37,O00581,2024-05-20,Unknown,325,P023,3.0,47118.0,Lenovo Tab,Tablet,48549.107142857145
C0037,Customer_37,2024-01-31,city_Customer_37,O00581,2024-05-20,Unknown,1233,P047,1.0,89224.0,Oneplus,Smart Phone,33791.0
C0037,Customer_37,2024-01-31,city_Customer_37,O00581,2024-05-20,Unknown,1877,P048,3.0,31645.0,Wireless Mouse,Laptop,47676.0
C0037,Customer_37,2024-01-31,city_Customer_37,O00619,2024-01-18,Upi,1086,P010,2.0,38223.0,Iphone 13,Smart Phone,41625.760869565216
C0037,Customer_37,2024-01-31,city_Customer_37,O00814,2025-02-26,Cash On Delivery,1003,P045,0.0,53419.5,Lenovo Tab,Laptop,50316.055555555555
C0037,Customer_37,2024-01-31,city_Customer_37,O00814,2025-02-26,Cash On Delivery,1803,P017,2.0,59615.0,Keyboard,Smartphone,53396.91025641026
C0038,Customer_38,2023-01-24,city_Customer_38,O00054,2024-08-03,Upi,797,P016,0.0,36124.0,Ipad Air,Smart Phone,37730.5
C0039,Customer_39,2023-06-22,city_Customer_39,O00494,2024-03-10,Credit Card,58,P035,4.0,63803.0,Laptop Bag,Laptop,77306.0
C0039,Customer_39,2023-06-22,city_Customer_39,O00494,2024-03-10,Credit Card,1548,P014,0.0,28858.5,Xiaomi Redmi,Laptop,5475.0
C0039,Customer_39,2023-06-22,city_Customer_39,O00494,2024-03-10,Credit Card,1972,P063,2.0,8530.0,Wireless Mouse,Accessories,49252.851851851854
C0039,Customer_39,2023-06-22,city_Customer_39,O00989,2025-02-05,Credit Card,1922,P010,3.0,38223.0,Iphone 13,Smart Phone,41625.760869565216
C0040,Customer_40,2023-03-02,city_Customer_40,O00781,2024-05-04,Credit Card,738,P033,4.0,21466.0,Wireless Mouse,Laptop,47453.0
C0040,Customer_40,2023-03-02,city_Customer_40,O00781,2024-05-04,Credit Card,973,P060,2.0,30084.0,Usb Hub,Laptop,31558.076923076922
C0040,Customer_40,2023-03-02,city_Customer_40,O01082,2024-12-01,Credit Card,496,P076,2.0,58608.0,Wireless Mouse,Accessory,15249.0
C0040,Customer_40,2023-03-02,city_Customer_40,O01082,2024-12-01,Credit Card,1000,P031,4.0,57914.5,Samsung Tab,Accessories,57484.28571428572
C0042,Customer_42,2024-02-05,city_Customer_42,O00047,2024-07-23,Cash On Delivery,495,P073,3.0,59778.0,Lenovo Tab,Accessory,3393.0
C0042,Customer_42,2024-02-05,city_Customer_42,O00304,2024-07-26,Credit Card,601,P056,3.0,50794.0,Samsung Galaxy,Smart Phone,49022.142857142855
C0042,Customer_42,2024-02-05,city_Customer_42,O00304,2024-07-26,Credit Card,1220,P009,0.0,82068.0,Iphone 13,Tablet,70582.0
C0042,Customer_42,2024-02-05,city_Customer_42,O00560,2025-04-18,Debit Card,1797,P050,2.0,53856.0,Lenovo Ideapad,Tablet,59514.0
C0043,Customer_43,2023-03-24,city_Customer_43,O00595,2024-03-22,Debit Card,216,P019,2.0,45255.0,Samsung Galaxy,Smartphone,40344.217391304344
C0043,Customer_43,2023-03-24,city_Customer_43,O00872,2025-03-14,Credit Card,1473,P072,3.0,54236.0,Dell Inspiron,Tablet,52421.12765957447
C0043,Customer_43,2023-03-24,city_Customer_43,O00872,2025-03-14,Credit Card,1647,P064,2.0,72978.0,Lenovo Ideapad,Accessories,81129.0
C0043,Customer_43,2023-03-24,city_Customer_43,O01056,2025-03-10,Unknown,128,P013,2.0,30560.0,Samsung Galaxy,Smart Phone,51735.0
C0043,Customer_43,2023-03-24,city_Customer_43,O01056,2025-03-10,Unknown,284,P068,3.0,53379.0,Xiaomi Redmi,Tablet,43027.0
C0043,Customer_43,2023-03-24,city_Customer_43,O01174,2024-04-23,Upi,93,P008,0.0,37548.5,Hp Pavilion,Accessory,38717.39473684211
C0043,Customer_43,2023-03-24,city_Customer_43,O01174,2024-04-23,Upi,203,P077,2.0,32592.0,Wireless Mouse,Smart Phone,39614.833333333336
C0043,Customer_43,2023-03-24,city_Customer_43,O01174,2024-04-23,Upi,648,P074,2.0,54493.0,Samsung Tab,Tablet,51600.791666666664
C0043,Customer_43,2023-03-24,city_Customer_43,O01174,2024-04-23,Upi,846,P074,0.0,51444.0,Samsung Tab,Tablet,51600.791666666664
C0043,Customer_43,2023-03-24,city_Customer_43,O01174,2024-04-23,Upi,962,P029,0.0,26699.0,Samsung Galaxy,Accessories,39583.26
C0043,Customer_43,2023-03-24,city_Customer_43,O01174,2024-04-23,Upi,1091,P011,4.0,49358.0,Lenovo Ideapad,Accessories,50263.19047619047
C0043,Customer_43,2023-03-24,city_Customer_43,O01174,2024-04-23,Upi,1696,P021,3.0,88435.0,Laptop Bag,Laptop,42623.545454545456
C0044,Customer_44,2024-07-16,city_Customer_44,O00310,2025-03-24,Upi,35,P063,1.0,18188.0,Wireless Mouse,Accessories,49252.851851851854
C0044,Customer_44,2024-07-16,city_Customer_44,O00310,2025-03-24,Upi,636,P002,4.0,59279.0,Samsung Tab,Smartphone,68660.0
C0044,Customer_44,2024-07-16,city_Customer_44,O00310,2025-03-24,Upi,745,P021,2.0,39340.5,Laptop Bag,Laptop,42623.545454545456
C0044,Customer_44,2024-07-16,city_Customer_44,O00310,2025-03-24,Upi,783,P012,0.0,51743.0,Lenovo Ideapad,Accessory,27157.0
C0044,Customer_44,2024-07-16,city_Customer_44,O00310,2025-03-24,Upi,961,P022,2.0,31350.5,Samsung Tab,Accessory,33689.54878048781
C0044,Customer_44,2024-07-16,city_Customer_44,O00310,2025-03-24,Upi,1169,P039,0.0,53140.0,Xiaomi Redmi,Accessory,69520.0
C0044,Customer_44,2024-07-16,city_Customer_44,O00629,2024-09-16,Cash On Delivery,1110,P079,1.0,80319.0,Oneplus,Tablet,49850.653846153844
C0044,Customer_44,2024-07-16,city_Customer_44,O00629,2024-09-16,Cash On Delivery,1997,P017,4.0,54245.5,Keyboard,Smartphone,53396.91025641026
C0045,Customer_45,2025-04-18,city_Customer_45,O00264,2024-08-13,Credit Card,1218,P079,2.0,3742.0,Oneplus,Tablet,49850.653846153844
C0045,Customer_45,2025-04-18,city_Customer_45,O00504,2024-04-10,Upi,497,P031,4.0,72340.0,Samsung Tab,Accessories,57484.28571428572
C0045,Customer_45,2025-04-18,city_Customer_45,O00504,2024-04-10,Upi,1547,P030,0.0,28606.0,Laptop Bag,Accessory,44051.0
C0047,Customer_47,2024-11-30,city_Customer_47,O00175,2024-05-19,Unknown,351,P048,4.0,31530.0,Wireless Mouse,Laptop,47676.0
C0047,Customer_47,2024-11-30,city_Customer_47,O00175,2024-05-19,Unknown,623,P070,3.0,31917.0,Ipad Air,Tablet,33141.25
C0047,Customer_47,2024-11-30,city_Customer_47,O00339,2024-06-01,Unknown,850,P044,1.0,43654.0,Oneplus,Tablet,13294.0
C0047,Customer_47,2024-11-30,city_Customer_47,O00339,2024-06-01,Unknown,984,P034,4.0,21744.0,Laptop Bag,Laptop,37213.31578947369
C0047,Customer_47,2024-11-30,city_Customer_47,O00838,2024-03-14,Upi,952,P041,0.0,84151.0,Laptop Bag,Smart Phone,42118.0
C0048,Customer_48,2023-06-04,city_Customer_48,O00192,2025-02-18,Upi,795,P005,4.0,37524.5,Oneplus,Tablet,41247.38888888889
C0048,Customer_48,2023-06-04,city_Customer_48,O00192,2025-02-18,Upi,1140,P033,3.0,42539.0,Wireless Mouse,Laptop,47453.0
C0048,Customer_48,2023-06-04,city_Customer_48,O00192,2025-02-18,Upi,1710,P031,4.0,57914.5,Samsung Tab,Accessories,57484.28571428572
C0048,Customer_48,2023-06-04,city_Customer_48,O00192,2025-02-18,Upi,1784,P057,0.0,10414.0,Lenovo Ideapad,Laptop,27615.0
C0049,Customer_49,2023-08-26,city_Customer_49,O00118,2024-05-12,Unknown,444,P027,4.0,32491.5,Ipad Air,Smart Phone,40595.0
C0049,Customer_49,2023-08-26,city_Customer_49,O00118,2024-05-12,Unknown,1770,P039,1.0,53140.0,Xiaomi Redmi,Accessory,69520.0
C0050,Customer_50,2024-05-11,city_Customer_50,O00444,2024-02-10,Cash On Delivery,1014,P031,2.0,57914.5,Samsung Tab,Accessories,57484.28571428572
C0050,Customer_50,2024-05-11,city_Customer_50,O00496,2025-02-04,Upi,1345,P029,1.0,86292.0,Samsung Galaxy,Accessories,39583.26
C0051,Customer_51,2023-09-27,city_Customer_51,O00048,2024-07-23,Upi,104,P057,2.0,33764.0,Lenovo Ideapad,Laptop,27615.0
C0051,Customer_51,2023-09-27,city_Customer_51,O00515,2024-07-26,Cash On Delivery,1766,P059,1.0,18241.0,Oneplus,Accessories,33875.24324324324
C0051,Customer_51,2023-09-27,city_Customer_51,O00515,2024-07-26,Cash On Delivery,1976,P029,4.0,35095.5,Samsung Galaxy,Accessories,39583.26
C0051,Customer_51,2023-09-27,city_Customer_51,O00586,2024-03-11,Unknown,25,P010,2.0,60248.0,Iphone 13,Smart Phone,41625.760869565216
C0051,Customer_51,2023-09-27,city_Customer_51,O00586,2024-03-11,Unknown,1774,P012,4.0,69259.0,Lenovo Ideapad,Accessory,27157.0
C0052,Customer_52,2024-03-05,city_Customer_52,O00353,2025-04-28,Unknown,1556,P028,2.0,36853.5,Samsung Galaxy,Tablet,35571.85294117647
C0052,Customer_52,2024-03-05,city_Customer_52,O00613,2024-03-29,Cash On Delivery,985,P033,3.0,42539.0,Wireless Mouse,Laptop,47453.0
C0052,Customer_52,2024-03-05,city_Customer_52,O00613,2024-03-29,Cash On Delivery,1015,P069,3.0,38738.0,Usb Hub,Laptop,39186.36842105263
C0052,Customer_52,2024-03-05,city_Customer_52,O00613,2024-03-29,Cash On Delivery,1478,P060,0.0,80163.0,Usb Hub,Laptop,31558.076923076922
C0052,Customer_52,2024-03-05,city_Customer_52,O00613,2024-03-29,Cash On Delivery,1824,P056,2.0,50794.0,Samsung Galaxy,Smart Phone,49022.142857142855
C0053,Customer_53,2024-08-02,city_Customer_53,O00572,2024-06-06,Credit Card,1366,P014,2.0,60647.0,Xiaomi Redmi,Laptop,5475.0
C0053,Customer_53,2024-08-02,city_Customer_53,O00966,2024-02-23,Upi,682,P021,2.0,39340.5,Laptop Bag,Laptop,42623.545454545456
C0053,Customer_53,2024-08-02,city_Customer_53,O00966,2024-02-23,Upi,1036,P041,3.0,41654.5,Laptop Bag,Smart Phone,42118.0
C0055,Customer_55,2024-11-01,city_Customer_55,O00653,2025-01-16,Credit Card,1781,P070,0.0,31917.0,Ipad Air,Tablet,33141.25
C0055,Customer_55,2024-11-01,city_Customer_55,O01118,2024-11-04,Credit Card,1022,P015,4.0,11671.0,Laptop Bag,Smart Phone,76755.0
C0055,Customer_55,2024-11-01,city_Customer_55,O01118,2024-11-04,Credit Card,1659,P039,4.0,53140.0,Xiaomi Redmi,Accessory,69520.0
C0056,Customer_56,2024-04-12,city_Customer_56,O00317,2024-12-12,Credit Card,775,P033,2.0,42539.0,Wireless Mouse,Laptop,47453.0
C0056,Customer_56,2024-04-12,city_Customer_56,O00790,2024-12-04,Debit Card,1677,P072,2.0,54236.0,Dell Inspiron,Tablet,52421.12765957447
C0056,Customer_56,2024-04-12,city_Customer_56,O00790,2024-12-04,Debit Card,1868,P034,0.0,77081.0,Laptop Bag,Laptop,37213.31578947369
C0057,Customer_57,2025-03-28,city_Customer_57,O00566,2024-10-08,Cash On Delivery,1219,P018,2.0,48708.5,Dell Inspiron,Laptop,50919.833333333336
C0057,Customer_57,2025-03-28,city_Customer_57,O00955,2025-01-31,Cash On Delivery,441,P019,2.0,79031.0,Samsung Galaxy,Smartphone,40344.217391304344
C0057,Customer_57,2025-03-28,city_Customer_57,O00955,2025-01-31,Cash On Delivery,1304,P014,0.0,34146.0,Xiaomi Redmi,Laptop,5475.0
C0057,Customer_57,2025-03-28,city_Customer_57,O00999,2024-06-25,Cash On Delivery,175,P051,2.0,73898.0,Keyboard,Smart Phone,18522.0
C0057,Customer_57,2025-03-28,city_Customer_57,O00999,2024-06-25,Cash On Delivery,357,P062,1.0,73733.0,Dell Inspiron,Tablet,44048.24444444444
C0057,Customer_57,2025-03-28,city_Customer_57,O00999,2024-06-25,Cash On Delivery,466,P054,4.0,49038.0,Laptop Bag,Smartphone,34450.0
C0057,Customer_57,2025-03-28,city_Customer_57,O00999,2024-06-25,Cash On Delivery,1145,P012,3.0,89980.0,Lenovo Ideapad,Accessory,27157.0
C0057,Customer_57,2025-03-28,city_Customer_57,O00999,2024-06-25,Cash On Delivery,1172,P042,0.0,19386.0,Hp Pavilion,Laptop,36647.529411764706
C0057,Customer_57,2025-03-28,city_Customer_57,O00999,2024-06-25,Cash On Delivery,1573,P017,1.0,25381.0,Keyboard,Smartphone,53396.91025641026
C0058,Customer_58,2024-02-13,city_Customer_58,O00001,2024-09-05,Cash On Delivery,844,P064,1.0,25696.0,Lenovo Ideapad,Accessories,81129.0
C0058,Customer_58,2024-02-13,city_Customer_58,O00001,2024-09-05,Cash On Delivery,1937,P025,2.0,49252.5,Dell Inspiron,Laptop,84776.0
C0058,Customer_58,2024-02-13,city_Customer_58,O00119,2024-02-21,Cash On Delivery,1365,P068,2.0,53379.0,Xiaomi Redmi,Tablet,43027.0
C0059,Customer_59,2024-10-11,city_Customer_59,O00594,2025-04-18,Credit Card,21,P076,0.0,59441.0,Wireless Mouse,Accessory,15249.0
C0059,Customer_59,2024-10-11,city_Customer_59,O00594,2025-04-18,Credit Card,553,P030,3.0,86838.0,Laptop Bag,Accessory,44051.0
C0059,Customer_59,2024-10-11,city_Customer_59,O00594,2025-04-18,Credit Card,1716,P029,1.0,5953.0,Samsung Galaxy,Accessories,39583.26
C0059,Customer_59,2024-10-11,city_Customer_59,O00684,2025-03-24,Upi,45,P048,1.0,43082.0,Wireless Mouse,Laptop,47676.0
C0059,Customer_59,2024-10-11,city_Customer_59,O00684,2025-03-24,Upi,785,P005,3.0,84879.0,Oneplus,Tablet,41247.38888888889
C0059,Customer_59,2024-10-11,city_Customer_59,O00839,2024-07-15,Upi,600,P057,2.0,15822.0,Lenovo Ideapad,Laptop,27615.0
C0059,Customer_59,2024-10-11,city_Customer_59,O00859,2024-02-06,Credit Card,1360,P076,2.0,58608.0,Wireless Mouse,Accessory,15249.0
C0060,Customer_60,2023-03-10,city_Customer_60,O00352,2024-01-22,Cash On Delivery,143,P027,1.0,34509.0,Ipad Air,Smart Phone,40595.0
C0060,Customer_60,2023-03-10,city_Customer_60,O00352,2024-01-22,Cash On Delivery,624,P032,3.0,52315.0,Ipad Air,Tablet,6095.0
C0060,Customer_60,2023-03-10,city_Customer_60,O01170,2024-04-30,Credit Card,501,P078,0.0,43461.0,Usb Hub,Accessory,70378.0
C0060,Customer_60,2023-03-10,city_Customer_60,O01170,2024-04-30,Credit Card,1341,P040,2.0,37562.0,Keyboard,Smartphone,43837.91935483871
C0060,Customer_60,2023-03-10,city_Customer_60,O01184,2024-05-25,Upi,768,P048,0.0,57955.0,Wireless Mouse,Laptop,47676.0
C0060,Customer_60,2023-03-10,city_Customer_60,O01184,2024-05-25,Upi,1539,P065,2.0,27083.0,Dell Inspiron,Smart Phone,58364.0
C0061,Customer_61,2023-06-16,city_Customer_61,O00117,2025-04-07,Upi,597,P031,2.0,57914.5,Samsung Tab,Accessories,57484.28571428572
C0061,Customer_61,2023-06-16,city_Customer_61,O00117,2025-04-07,Upi,621,P045,4.0,53419.5,Lenovo Tab,Laptop,50316.055555555555
C0061,Customer_61,2023-06-16,city_Customer_61,O00117,2025-04-07,Upi,767,P009,2.0,59337.0,Iphone 13,Tablet,70582.0
C0061,Customer_61,2023-06-16,city_Customer_61,O00117,2025-04-07,Upi,1470,P014,0.0,1079.0,Xiaomi Redmi,Laptop,5475.0
C0061,Customer_61,2023-06-16,city_Customer_61,O00117,2025-04-07,Upi,1832,P075,2.0,76545.0,Iphone 13,Smart Phone,65357.26666666667
C0061,Customer_61,2023-06-16,city_Customer_61,O00322,2024-03-27,Cash On Delivery,5,P036,2.0,58380.0,Lenovo Ideapad,Tablet,40888.2
C0061,Customer_61,2023-06-16,city_Customer_61,O00322,2024-03-27,Cash On Delivery,341,P045,3.0,53419.5,Lenovo Tab,Laptop,50316.055555555555
C0061,Customer_61,2023-06-16,city_Customer_61,O00322,2024-03-27,Cash On Delivery,527,P059,1.0,49701.0,Oneplus,Accessories,33875.24324324324
C0061,Customer_61,2023-06-16,city_Customer_61,O00322,2024-03-27,Cash On Delivery,929,P047,0.0,27083.0,Oneplus,Smart Phone,33791.0
C0061,Customer_61,2023-06-16,city_Customer_61,O01073,2025-01-12,Credit Card,652,P027,1.0,32491.5,Ipad Air,Smart Phone,40595.0
C0061,Customer_61,2023-06-16,city_Customer_61,O01073,2025-01-12,Credit Card,709,P078,1.0,46377.0,Usb Hub,Accessory,70378.0
C0061,Customer_61,2023-06-16,city_Customer_61,O01073,2025-01-12,Credit Card,1311,P023,2.0,42365.0,Lenovo Tab,Tablet,48549.107142857145
C0062,Customer_62,2023-02-23,city_Customer_62,O00050,2025-02-07,Cash On Delivery,750,P075,0.0,59466.0,Iphone 13,Smart Phone,65357.26666666667
C0062,Customer_62,2023-02-23,city_Customer_62,O00050,2025-02-07,Cash On Delivery,1066,P033,2.0,42539.0,Wireless Mouse,Laptop,47453.0
C0062,Customer_62,2023-02-23,city_Customer_62,O00334,2025-03-04,Debit Card,55,P043,4.0,32506.0,Usb Hub,Accessory,35204.98387096774
C0062,Customer_62,2023-02-23,city_Customer_62,O00334,2025-03-04,Debit Card,109,P059,2.0,29895.0,Oneplus,Accessories,33875.24324324324
C0062,Customer_62,2023-02-23,city_Customer_62,O00334,2025-03-04,Debit Card,547,P073,2.0,87651.0,Lenovo Tab,Accessory,3393.0
C0062,Customer_62,2023-02-23,city_Customer_62,O00369,2025-01-05,Cash On Delivery,61,P077,4.0,72873.0,Wireless Mouse,Smart Phone,39614.833333333336
C0062,Customer_62,2023-02-23,city_Customer_62,O00369,2025-01-05,Cash On Delivery,163,P020,3.0,3870.0,Dell Inspiron,Smartphone,42083.15789473684
C0062,Customer_62,2023-02-23,city_Customer_62,O00682,2025-04-09,Unknown,471,P015,3.0,65664.0,Laptop Bag,Smart Phone,76755.0
C0063,Customer_63,2023-06-04,city_Customer_63,O00166,2024-05-29,Unknown,283,P072,3.0,54236.0,Dell Inspiron,Tablet,52421.12765957447
C0064,Customer_64,2024-09-20,city_Customer_64,O00258,2024-11-28,Cash On Delivery,943,P072,2.0,12628.0,Dell Inspiron,Tablet,52421.12765957447
C0065,Customer_64,2024-09-20,city_Customer_64,O00649,2024-04-11,Upi,173,P014,4.0,30891.0,Xiaomi Redmi,Laptop,5475.0
C0065,Customer_64,2024-09-20,city_Customer_64,O00649,2024-04-11,Upi,1961,P040,3.0,27156.0,Keyboard,Smartphone,43837.91935483871
C0065,Customer_64,2024-09-20,city_Customer_64,O00739,2025-05-03,Debit Card,1242,P074,2.0,48395.0,Samsung Tab,Tablet,51600.791666666664
C0065,Customer_64,2024-09-20,city_Customer_64,O00739,2025-05-03,Debit Card,1945,P005,2.0,30268.0,Oneplus,Tablet,41247.38888888889
C0065,Customer_64,2024-09-20,city_Customer_64,O00752,2024-06-30,Cash On Delivery,1084,P076,3.0,58608.0,Wireless Mouse,Accessory,15249.0
C0065,Customer_64,2024-09-20,city_Customer_64,O00779,2024-12-24,Credit Card,454,P051,4.0,43166.0,Keyboard,Smart Phone,18522.0
C0065,Customer_64,2024-09-20,city_Customer_64,O00779,2024-12-24,Credit Card,939,P067,2.0,6503.0,Usb Hub,Smartphone,33419.208333333336
C0065,Customer_64,2024-09-20,city_Customer_64,O00779,2024-12-24,Credit Card,1303,P069,2.0,12529.0,Usb Hub,Laptop,39186.36842105263
C0065,Customer_64,2024-09-20,city_Customer_64,O00779,2024-12-24,Credit Card,1458,P039,4.0,31556.0,Xiaomi Redmi,Accessory,69520.0
C0066,Customer_66,2023-09-16,city_Customer_66,O01149,2024-08-03,Credit Card,377,P048,2.0,31645.0,Wireless Mouse,Laptop,47676.0
C0068,Customer_68,2025-05-19,city_Customer_68,O00526,2025-04-19,Cash On Delivery,517,P022,4.0,31350.5,Samsung Tab,Accessory,33689.54878048781
C0068,Customer_68,2025-05-19,city_Customer_68,O00879,2024-01-09,Unknown,1810,P076,0.0,58608.0,Wireless Mouse,Accessory,15249.0
C0069,Customer_69,2024-05-06,city_Customer_69,O00647,2024-02-01,Upi,451,P067,4.0,20321.0,Usb Hub,Smartphone,33419.208333333336
C0069,Customer_69,2024-05-06,city_Customer_69,O00647,2024-02-01,Upi,1243,P006,4.0,64844.0,Laptop Bag,Tablet,61785.52173913043
C0069,Customer_69,2024-05-06,city_Customer_69,O00647,2024-02-01,Upi,1358,P043,0.0,32759.5,Usb Hub,Accessory,35204.98387096774
C0069,Customer_69,2024-05-06,city_Customer_69,O00647,2024-02-01,Upi,1871,P052,0.0,52743.0,Xiaomi Redmi,Smart Phone,49998.94117647059
C0069,Customer_69,2024-05-06,city_Customer_69,O01160,2024-11-01,Cash On Delivery,687,P061,3.0,41497.0,Lenovo Tab,Tablet,41829.80952380953
C0069,Customer_69,2024-05-06,city_Customer_69,O01160,2024-11-01,Cash On Delivery,865,P045,0.0,53419.5,Lenovo Tab,Laptop,50316.055555555555
C0070,Customer_70,2023-05-28,city_Customer_70,O00294,2024-10-14,Debit Card,705,P068,3.0,53379.0,Xiaomi Redmi,Tablet,43027.0
C0070,Customer_70,2023-05-28,city_Customer_70,O00294,2024-10-14,Debit Card,1019,P066,3.0,37100.5,Samsung Tab,Smart Phone,39443.125
C0070,Customer_70,2023-05-28,city_Customer_70,O00294,2024-10-14,Debit Card,1290,P031,0.0,57914.5,Samsung Tab,Accessories,57484.28571428572
C0070,Customer_70,2023-05-28,city_Customer_70,O00437,2025-05-03,Cash On Delivery,977,P010,2.0,38223.0,Iphone 13,Smart Phone,41625.760869565216
C0070,Customer_70,2023-05-28,city_Customer_70,O00775,2024-10-18,Upi,1062,P005,1.0,37524.5,Oneplus,Tablet,41247.38888888889
C0070,Customer_70,2023-05-28,city_Customer_70,O00867,2024-03-02,Unknown,926,P076,1.0,72171.0,Wireless Mouse,Accessory,15249.0
C0070,Customer_70,2023-05-28,city_Customer_70,O01006,2024-09-11,Upi,946,P024,1.0,34391.5,Macbook Air,Smart Phone,37230.45
C0070,Customer_70,2023-05-28,city_Customer_70,O01006,2024-09-11,Upi,1258,P018,4.0,48708.5,Dell Inspiron,Laptop,50919.833333333336
C0070,Customer_70,2023-05-28,city_Customer_70,O01006,2024-09-11,Upi,1617,P074,3.0,57819.0,Samsung Tab,Tablet,51600.791666666664
C0071,Customer_71,2025-01-28,city_Customer_71,O00189,2024-06-15,Credit Card,106,P040,1.0,87671.0,Keyboard,Smartphone,43837.91935483871
C0072,Customer_72,2023-06-15,city_Customer_72,O00824,2024-11-02,Cash On Delivery,529,P059,0.0,6728.0,Oneplus,Accessories,33875.24324324324
C0072,Customer_72,2023-06-15,city_Customer_72,O00824,2024-11-02,Cash On Delivery,1740,P017,2.0,84077.0,Keyboard,Smartphone,53396.91025641026
C0073,Customer_73,2024-06-24,city_Customer_73,O00769,2025-03-15,Cash On Delivery,1846,P044,2.0,20551.0,Oneplus,Tablet,13294.0
C0073,Customer_73,2024-06-24,city_Customer_73,O00896,2024-05-27,Credit Card,914,P034,4.0,32950.0,Laptop Bag,Laptop,37213.31578947369
C0073,Customer_73,2024-06-24,city_Customer_73,O00896,2024-05-27,Credit Card,1666,P065,2.0,27083.0,Dell Inspiron,Smart Phone,58364.0
C0073,Customer_73,2024-06-24,city_Customer_73,O00896,2024-05-27,Credit Card,1755,P057,3.0,56595.0,Lenovo Ideapad,Laptop,27615.0
C0073,Customer_73,2024-06-24,city_Customer_73,O00896,2024-05-27,Credit Card,1775,P030,3.0,40678.0,Laptop Bag,Accessory,44051.0
C0073,Customer_73,2024-06-24,city_Customer_73,O01150,2024-04-15,Upi,134,P013,1.0,27114.0,Samsung Galaxy,Smart Phone,51735.0
C0073,Customer_73,2024-06-24,city_Customer_73,O01150,2024-04-15,Upi,1460,P033,1.0,51419.0,Wireless Mouse,Laptop,47453.0
C0073,Customer_73,2024-06-24,city_Customer_73,O01150,2024-04-15,Upi,1967,P034,3.0,22366.0,Laptop Bag,Laptop,37213.31578947369
C0074,Customer_74,2024-07-10,city_Customer_74,O00164,2024-02-03,Credit Card,1481,P077,2.0,36191.5,Wireless Mouse,Smart Phone,39614.833333333336
C0074,Customer_74,2024-07-10,city_Customer_74,O00523,2024-11-17,Credit Card,360,P076,0.0,49730.0,Wireless Mouse,Accessory,15249.0
C0074,Customer_74,2024-07-10,city_Customer_74,O00523,2024-11-17,Credit Card,435,P067,2.0,29183.5,Usb Hub,Smartphone,33419.208333333336
C0074,Customer_74,2024-07-10,city_Customer_74,O00523,2024-11-17,Credit Card,1138,P059,0.0,79384.0,Oneplus,Accessories,33875.24324324324
C0074,Customer_74,2024-07-10,city_Customer_74,O00523,2024-11-17,Credit Card,1346,P015,2.0,85305.0,Laptop Bag,Smart Phone,76755.0
C0075,Customer_75,2023-11-02,city_Customer_75,O00502,2024-05-19,Credit Card,74,P018,3.0,48708.5,Dell Inspiron,Laptop,50919.833333333336
C0075,Customer_75,2023-11-02,city_Customer_75,O00502,2024-05-19,Credit Card,79,P023,0.0,47118.0,Lenovo Tab,Tablet,48549.107142857145
C0075,Customer_75,2023-11-02,city_Customer_75,O00502,2024-05-19,Credit Card,364,P033,4.0,42539.0,Wireless Mouse,Laptop,47453.0
C0075,Customer_75,2023-11-02,city_Customer_75,O00502,2024-05-19,Credit Card,569,P043,1.0,77281.0,Usb Hub,Accessory,35204.98387096774
C0075,Customer_75,2023-11-02,city_Customer_75,O00502,2024-05-19,Credit Card,1469,P076,4.0,58608.0,Wireless Mouse,Accessory,15249.0
C0075,Customer_75,2023-11-02,city_Customer_75,O00836,2025-04-08,Credit Card,346,P020,2.0,40575.0,Dell Inspiron,Smartphone,42083.15789473684
C0075,Customer_75,2023-11-02,city_Customer_75,O00836,2025-04-08,Credit Card,639,P059,2.0,30040.0,Oneplus,Accessories,33875.24324324324
C0076,Customer_76,2024-12-13,city_Customer_76,O00903,2024-12-24,Upi,1286,P027,1.0,32491.5,Ipad Air,Smart Phone,40595.0
C0076,Customer_76,2024-12-13,city_Customer_76,O00903,2024-12-24,Upi,1854,P049,2.0,17934.0,Wireless Mouse,Smartphone,61022.0
C0077,Customer_77,2024-01-11,city_Customer_77,O00865,2025-02-17,Cash On Delivery,598,P058,2.0,24413.0,Lenovo Ideapad,Smartphone,41597.0
C0078,Customer_78,2025-03-01,city_Customer_78,O00679,2024-09-20,Cash On Delivery,84,P072,2.0,25409.0,Dell Inspiron,Tablet,52421.12765957447
C0078,Customer_78,2025-03-01,city_Customer_78,O00679,2024-09-20,Cash On Delivery,814,P062,3.0,43803.0,Dell Inspiron,Tablet,44048.24444444444
C0078,Customer_78,2025-03-01,city_Customer_78,O00679,2024-09-20,Cash On Delivery,1113,P002,2.0,52963.0,Samsung Tab,Smartphone,68660.0
C0079,Customer_79,2025-03-08,city_Customer_79,O00707,2024-05-20,Cash On Delivery,825,P057,1.0,33764.0,Lenovo Ideapad,Laptop,27615.0
C0081,Customer_81,2025-04-05,city_Customer_81,O00026,2025-01-14,Upi,949,P068,3.0,9971.0,Xiaomi Redmi,Tablet,43027.0
C0081,Customer_81,2025-04-05,city_Customer_81,O00026,2025-01-14,Upi,1702,P016,3.0,38225.0,Ipad Air,Smart Phone,37730.5
C0082,Customer_82,2025-01-27,city_Customer_82,O00073,2024-07-18,Debit Card,617,P061,2.0,61594.0,Lenovo Tab,Tablet,41829.80952380953
C0082,Customer_82,2025-01-27,city_Customer_82,O00802,2025-04-12,Upi,1717,P039,4.0,53140.0,Xiaomi Redmi,Accessory,69520.0
C0082,Customer_82,2025-01-27,city_Customer_82,O00802,2025-04-12,Upi,1906,P021,3.0,37593.0,Laptop Bag,Laptop,42623.545454545456
C0082,Customer_82,2025-01-27,city_Customer_82,O00813,2024-09-29,Upi,541,P031,2.0,57914.5,Samsung Tab,Accessories,57484.28571428572
C0083,Customer_83,2024-06-14,city_Customer_83,O00382,2025-11-03,Upi,316,P055,3.0,65815.0,Keyboard,Accessory,40085.583333333336
C0083,Customer_83,2024-06-14,city_Customer_83,O00382,2025-11-03,Upi,1216,P060,0.0,10270.0,Usb Hub,Laptop,31558.076923076922
C0084,Customer_84,2023-01-30,city_Customer_84,O00103,2024-03-20,Upi,14,P040,2.0,27760.0,Keyboard,Smartphone,43837.91935483871
C0084,Customer_84,2023-01-30,city_Customer_84,O00103,2024-03-20,Upi,791,P066,2.0,63348.0,Samsung Tab,Smart Phone,39443.125
C0084,Customer_84,2023-01-30,city_Customer_84,O01110,2025-08-01,Cash On Delivery,355,P072,1.0,25987.0,Dell Inspiron,Tablet,52421.12765957447
C0084,Customer_84,2023-01-30,city_Customer_84,O01110,2025-08-01,Cash On Delivery,524,P003,2.0,40345.0,Hp Pavilion,Accessories,40489.0
C0084,Customer_84,2023-01-30,city_Customer_84,O01122,2025-03-11,Credit Card,1589,P042,2.0,35410.0,Hp Pavilion,Laptop,36647.529411764706
C0084,Customer_84,2023-01-30,city_Customer_84,O01122,2025-03-11,Credit Card,1662,P080,2.0,56159.0,Oneplus,Laptop,82478.0
C0084,Customer_84,2023-01-30,city_Customer_84,O01122,2025-03-11,Credit Card,1865,P036,2.0,82191.0,Lenovo Ideapad,Tablet,40888.2
C0085,Customer_85,2024-04-28,city_Customer_85,O00063,2024-11-25,Credit Card,1830,P062,2.0,43803.0,Dell Inspiron,Tablet,44048.24444444444
C0085,Customer_85,2024-04-28,city_Customer_85,O00760,2025-11-04,Cash On Delivery,851,P026,3.0,43771.5,Xiaomi Redmi,Laptop,42897.775862068964
C0085,Customer_85,2024-04-28,city_Customer_85,O00760,2025-11-04,Cash On Delivery,1031,P059,1.0,30040.0,Oneplus,Accessories,33875.24324324324
C0085,Customer_85,2024-04-28,city_Customer_85,O00760,2025-11-04,Cash On Delivery,1061,P070,3.0,31917.0,Ipad Air,Tablet,33141.25
C0085,Customer_85,2024-04-28,city_Customer_85,O00760,2025-11-04,Cash On Delivery,1431,P040,4.0,75390.0,Keyboard,Smartphone,43837.91935483871
C0085,Customer_85,2024-04-28,city_Customer_85,O01177,2025-01-31,Upi,485,P047,0.0,27083.0,Oneplus,Smart Phone,33791.0
C0085,Customer_85,2024-04-28,city_Customer_85,O01177,2025-01-31,Upi,1187,P044,2.0,80449.0,Oneplus,Tablet,13294.0
C0086,Customer_86,2024-09-11,city_Customer_86,O00340,2025-01-17,Cash On Delivery,1388,P054,2.0,49038.0,Laptop Bag,Smartphone,34450.0
C0086,Customer_86,2024-09-11,city_Customer_86,O00340,2025-01-17,Cash On Delivery,1508,P046,4.0,33313.0,Iphone 13,Accessories,62283.933333333334
C0086,Customer_86,2024-09-11,city_Customer_86,O00340,2025-01-17,Cash On Delivery,1706,P062,0.0,58845.0,Dell Inspiron,Tablet,44048.24444444444
C0086,Customer_86,2024-09-11,city_Customer_86,O00665,2024-06-30,Unknown,1754,P076,2.0,78596.0,Wireless Mouse,Accessory,15249.0
C0087,Customer_87,2025-04-07,city_Customer_87,O00070,2024-05-30,Unknown,1370,P034,3.0,32950.0,Laptop Bag,Laptop,37213.31578947369
C0087,Customer_87,2025-04-07,city_Customer_87,O00070,2024-05-30,Unknown,1859,P058,2.0,24413.0,Lenovo Ideapad,Smartphone,41597.0
C0087,Customer_87,2025-04-07,city_Customer_87,O00199,2024-08-26,Credit Card,1657,P022,4.0,16612.0,Samsung Tab,Accessory,33689.54878048781
C0087,Customer_87,2025-04-07,city_Customer_87,O00637,2024-12-05,Credit Card,1600,P032,2.0,89672.0,Ipad Air,Tablet,6095.0
C0087,Customer_87,2025-04-07,city_Customer_87,O01081,2024-01-29,Upi,183,P020,3.0,77824.0,Dell Inspiron,Smartphone,42083.15789473684
C0087,Customer_87,2025-04-07,city_Customer_87,O01081,2024-01-29,Upi,1171,P020,3.0,42154.0,Dell Inspiron,Smartphone,42083.15789473684
C0087,Customer_87,2025-04-07,city_Customer_87,O01081,2024-01-29,Upi,1226,P076,4.0,62668.0,Wireless Mouse,Accessory,15249.0
C0088,Customer_88,2024-01-09,city_Customer_88,O00016,2024-03-12,Credit Card,1656,P048,2.0,31645.0,Wireless Mouse,Laptop,47676.0
C0088,Customer_88,2024-01-09,city_Customer_88,O00016,2024-03-12,Credit Card,1900,P020,1.0,68521.0,Dell Inspiron,Smartphone,42083.15789473684
C0088,Customer_88,2024-01-09,city_Customer_88,O00018,2025-02-27,Cash On Delivery,608,P061,4.0,41497.0,Lenovo Tab,Tablet,41829.80952380953
C0088,Customer_88,2024-01-09,city_Customer_88,O00018,2025-02-27,Cash On Delivery,1102,P068,2.0,53379.0,Xiaomi Redmi,Tablet,43027.0
C0088,Customer_88,2024-01-09,city_Customer_88,O00018,2025-02-27,Cash On Delivery,1307,P012,1.0,51743.0,Lenovo Ideapad,Accessory,27157.0
C0089,Customer_89,2023-08-21,city_Customer_89,O00292,2024-12-21,Credit Card,776,P069,2.0,51475.0,Usb Hub,Laptop,39186.36842105263
C0089,Customer_89,2023-08-21,city_Customer_89,O00292,2024-12-21,Credit Card,790,P026,1.0,43771.5,Xiaomi Redmi,Laptop,42897.775862068964
C0089,Customer_89,2023-08-21,city_Customer_89,O00292,2024-12-21,Credit Card,922,P077,1.0,73488.0,Wireless Mouse,Smart Phone,39614.833333333336
C0089,Customer_89,2023-08-21,city_Customer_89,O00292,2024-12-21,Credit Card,1116,P054,4.0,49038.0,Laptop Bag,Smartphone,34450.0
C0089,Customer_89,2023-08-21,city_Customer_89,O00292,2024-12-21,Credit Card,1400,P076,1.0,54344.0,Wireless Mouse,Accessory,15249.0
C0089,Customer_89,2023-08-21,city_Customer_89,O00292,2024-12-21,Credit Card,1625,P037,0.0,15033.0,Iphone 13,Laptop,2571.0
C0089,Customer_89,2023-08-21,city_Customer_89,O00292,2024-12-21,Credit Card,1950,P006,3.0,67443.0,Laptop Bag,Tablet,61785.52173913043
C0089,Customer_89,2023-08-21,city_Customer_89,O01040,2025-03-20,Cash On Delivery,1038,P040,3.0,71147.0,Keyboard,Smartphone,43837.91935483871
C0090,Customer_90,2023-07-29,city_Customer_90,O00094,2024-01-10,Upi,1581,P054,2.0,65125.0,Laptop Bag,Smartphone,34450.0
C0090,Customer_90,2023-07-29,city_Customer_90,O00153,2025-03-31,Unknown,1067,P026,3.0,6620.0,Xiaomi Redmi,Laptop,42897.775862068964
C0091,Customer_91,2025-05-10,city_Customer_91,O00066,2024-04-21,Credit Card,388,P055,3.0,12365.0,Keyboard,Accessory,40085.583333333336
C0091,Customer_91,2025-05-10,city_Customer_91,O00066,2024-04-21,Credit Card,908,P016,4.0,10847.0,Ipad Air,Smart Phone,37730.5
C0091,Customer_91,2025-05-10,city_Customer_91,O00296,2024-04-25,Credit Card,799,P035,4.0,55012.0,Laptop Bag,Laptop,77306.0
C0091,Customer_91,2025-05-10,city_Customer_91,O00545,2024-04-13,Cash On Delivery,551,P006,1.0,64844.0,Laptop Bag,Tablet,61785.52173913043
C0091,Customer_91,2025-05-10,city_Customer_91,O00545,2024-04-13,Cash On Delivery,777,P031,3.0,44184.0,Samsung Tab,Accessories,57484.28571428572
C0091,Customer_91,2025-05-10,city_Customer_91,O00928,2025-05-11,Credit Card,1620,P023,1.0,75748.0,Lenovo Tab,Tablet,48549.107142857145
C0091,Customer_91,2025-05-10,city_Customer_91,O00928,2025-05-11,Credit Card,1750,P061,1.0,23706.0,Lenovo Tab,Tablet,41829.80952380953
C0092,Customer_91,2023-12-19,city_Customer_91,O00358,2024-01-21,Unknown,1907,P020,0.0,22412.0,Dell Inspiron,Smartphone,42083.15789473684
C0092,Customer_91,2023-12-19,city_Customer_91,O00740,2024-10-26,Cash On Delivery,1170,P026,1.0,23817.0,Xiaomi Redmi,Laptop,42897.775862068964
C0092,Customer_91,2023-12-19,city_Customer_91,O00956,2024-05-30,Cash On Delivery,146,P029,3.0,32804.0,Samsung Galaxy,Accessories,39583.26
C0093,Customer_93,2025-05-04,city_Customer_93,O00024,2024-12-08,Debit Card,559,P031,2.0,57914.5,Samsung Tab,Accessories,57484.28571428572
C0093,Customer_93,2025-05-04,city_Customer_93,O00024,2024-12-08,Debit Card,578,P010,2.0,73847.0,Iphone 13,Smart Phone,41625.760869565216
C0093,Customer_93,2025-05-04,city_Customer_93,O00024,2024-12-08,Debit Card,1602,P045,2.0,47069.0,Lenovo Tab,Laptop,50316.055555555555
C0093,Customer_93,2025-05-04,city_Customer_93,O00159,2024-08-01,Unknown,275,P062,2.0,6915.0,Dell Inspiron,Tablet,44048.24444444444
C0093,Customer_93,2025-05-04,city_Customer_93,O00159,2024-08-01,Unknown,1143,P018,3.0,42452.0,Dell Inspiron,Laptop,50919.833333333336
C0093,Customer_93,2025-05-04,city_Customer_93,O00159,2024-08-01,Unknown,1964,P079,2.0,53168.5,Oneplus,Tablet,49850.653846153844
C0093,Customer_93,2025-05-04,city_Customer_93,O00465,2025-04-24,Credit Card,396,P069,0.0,65775.0,Usb Hub,Laptop,39186.36842105263
C0093,Customer_93,2025-05-04,city_Customer_93,O00465,2025-04-24,Credit Card,1103,P073,4.0,12806.0,Lenovo Tab,Accessory,3393.0
C0093,Customer_93,2025-05-04,city_Customer_93,O00465,2025-04-24,Credit Card,1408,P033,4.0,42539.0,Wireless Mouse,Laptop,47453.0
C0093,Customer_93,2025-05-04,city_Customer_93,O00491,2024-07-31,Cash On Delivery,438,P024,1.0,13134.0,Macbook Air,Smart Phone,37230.45
C0093,Customer_93,2025-05-04,city_Customer_93,O00491,2024-07-31,Cash On Delivery,1051,P001,0.0,32938.0,Lenovo Ideapad,Tablet,28151.0
C0093,Customer_93,2025-05-04,city_Customer_93,O00491,2024-07-31,Cash On Delivery,1236,P041,4.0,75675.0,Laptop Bag,Smart Phone,42118.0
C0094,Customer_94,2025-03-12,city_Customer_94,O01188,2024-02-05,Upi,1530,P060,0.0,30084.0,Usb Hub,Laptop,31558.076923076922
C0094,Customer_94,2025-03-12,city_Customer_94,O01188,2024-02-05,Upi,1926,P030,4.0,1645.0,Laptop Bag,Accessory,44051.0
C0094,Customer_94,2025-03-12,city_Customer_94,O01188,2024-02-05,Upi,1931,P016,0.0,10379.0,Ipad Air,Smart Phone,37730.5
C0095,Customer_95,2024-05-04,city_Customer_95,O00242,2024-03-28,Cash On Delivery,869,P038,2.0,60844.0,Xiaomi Redmi,Laptop,53205.84210526316
C0095,Customer_95,2024-05-04,city_Customer_95,O00281,2024-10-04,Credit Card,1186,P042,2.0,35410.0,Hp Pavilion,Laptop,36647.529411764706
C0095,Customer_95,2024-05-04,city_Customer_95,O00281,2024-10-04,Credit Card,1951,P039,4.0,68545.0,Xiaomi Redmi,Accessory,69520.0
C0095,Customer_95,2024-05-04,city_Customer_95,O01017,2024-04-04,Debit Card,764,P011,0.0,15003.0,Lenovo Ideapad,Accessories,50263.19047619047
C0095,Customer_95,2024-05-04,city_Customer_95,O01017,2024-04-04,Debit Card,830,P063,4.0,72473.0,Wireless Mouse,Accessories,49252.851851851854
C0095,Customer_95,2024-05-04,city_Customer_95,O01017,2024-04-04,Debit Card,1080,P019,2.0,38300.0,Samsung Galaxy,Smartphone,40344.217391304344
C0095,Customer_95,2024-05-04,city_Customer_95,O01017,2024-04-04,Debit Card,1982,P072,4.0,54236.0,Dell Inspiron,Tablet,52421.12765957447
C0096,Customer_96,2025-03-19,city_Customer_96,O00386,2024-11-03,Upi,436,P012,3.0,31320.0,Lenovo Ideapad,Accessory,27157.0
C0096,Customer_96,2025-03-19,city_Customer_96,O00854,2024-07-26,Unknown,486,P018,2.0,85411.0,Dell Inspiron,Laptop,50919.833333333336
C0097,Customer_97,2025-03-31,city_Customer_97,O00940,2024-02-03,Credit Card,1371,P042,0.0,35410.0,Hp Pavilion,Laptop,36647.529411764706
C0098,Customer_98,2024-02-10,city_Customer_98,O00218,2025-01-13,Unknown,1185,P068,2.0,53379.0,Xiaomi Redmi,Tablet,43027.0
C0098,Customer_98,2024-02-10,city_Customer_98,O00218,2025-01-13,Unknown,1930,P007,1.0,61681.0,Hp Pavilion,Accessories,57956.333333333336
C0098,Customer_98,2024-02-10,city_Customer_98,O00218,2025-01-13,Unknown,1954,P057,2.0,33764.0,Lenovo Ideapad,Laptop,27615.0
C0098,Customer_98,2024-02-10,city_Customer_98,O00591,2024-04-13,Upi,1778,P052,2.0,21522.0,Xiaomi Redmi,Smart Phone,49998.94117647059
C0098,Customer_98,2024-02-10,city_Customer_98,O00632,2024-01-08,Upi,1164,P058,4.0,24413.0,Lenovo Ideapad,Smartphone,41597.0
C0099,Customer_99,2023-03-28,city_Customer_99,O00171,2025-04-19,Credit Card,822,P052,3.0,52743.0,Xiaomi Redmi,Smart Phone,49998.94117647059
C0099,Customer_99,2023-03-28,city_Customer_99,O00171,2025-04-19,Credit Card,1671,P075,4.0,88284.0,Iphone 13,Smart Phone,65357.26666666667
C0099,Customer_99,2023-03-28,city_Customer_99,O00171,2025-04-19,Credit Card,1799,P072,2.0,54236.0,Dell Inspiron,Tablet,52421.12765957447
C0099,Customer_99,2023-03-28,city_Customer_99,O00786,2024-04-05,Credit Card,1012,P037,3.0,36257.0,Iphone 13,Laptop,2571.0
C0100,Customer_100,2023-05-11,city_Customer_100,O00107,2025-04-29,Credit Card,1340,P041,2.0,41654.5,Laptop Bag,Smart Phone,42118.0
C0100,Customer_100,2023-05-11,city_Customer_100,O00144,2024-07-18,Cash On Delivery,32,P030,3.0,45160.0,Laptop Bag,Accessory,44051.0
C0100,Customer_100,2023-05-11,city_Customer_100,O00144,2024-07-18,Cash On Delivery,99,P078,1.0,18261.0,Usb Hub,Accessory,70378.0
C0100,Customer_100,2023-05-11,city_Customer_100,O00144,2024-07-18,Cash On Delivery,659,P017,1.0,54245.5,Keyboard,Smartphone,53396.91025641026
C0100,Customer_100,2023-05-11,city_Customer_100,O00144,2024-07-18,Cash On Delivery,820,P073,2.0,61970.0,Lenovo Tab,Accessory,3393.0
C0100,Customer_100,2023-05-11,city_Customer_100,O01111,2024-01-19,Debit Card,522,P073,3.0,59778.0,Lenovo Tab,Accessory,3393.0
C0100,Customer_100,2023-05-11,city_Customer_100,O01111,2024-01-19,Debit Card,885,P037,2.0,36257.0,Iphone 13,Laptop,2571.0
C0101,Customer_100,2024-04-21,city_Customer_100,O00252,2024-10-27,Upi,252,P053,2.0,17936.0,Iphone 13,Accessories,24279.52380952381
C0101,Customer_100,2024-04-21,city_Customer_100,O00302,2024-03-04,Upi,794,P017,2.0,54245.5,Keyboard,Smartphone,53396.91025641026
C0101,Customer_100,2024-04-21,city_Customer_100,O00640,2024-01-22,Credit Card,412,P047,0.0,11246.0,Oneplus,Smart Phone,33791.0
C0101,Customer_100,2024-04-21,city_Customer_100,O00640,2024-01-22,Credit Card,464,P009,0.0,59337.0,Iphone 13,Tablet,70582.0
C0101,Customer_100,2024-04-21,city_Customer_100,O00640,2024-01-22,Credit Card,1147,P007,4.0,61681.0,Hp Pavilion,Accessories,57956.333333333336
C0101,Customer_100,2024-04-21,city_Customer_100,O00640,2024-01-22,Credit Card,1328,P077,1.0,38206.0,Wireless Mouse,Smart Phone,39614.833333333336
C0101,Customer_100,2024-04-21,city_Customer_100,O00640,2024-01-22,Credit Card,1529,P068,4.0,53379.0,Xiaomi Redmi,Tablet,43027.0
C0101,Customer_100,2024-04-21,city_Customer_100,O00866,2024-04-15,Cash On Delivery,1745,P010,4.0,34089.0,Iphone 13,Smart Phone,41625.760869565216
C0102,Customer_102,2024-09-18,city_Customer_102,O00261,2025-03-15,Upi,362,P039,2.0,84046.0,Xiaomi Redmi,Accessory,69520.0
C0102,Customer_102,2024-09-18,city_Customer_102,O00261,2025-03-15,Upi,886,P056,2.0,50794.0,Samsung Galaxy,Smart Phone,49022.142857142855
C0102,Customer_102,2024-09-18,city_Customer_102,O00261,2025-03-15,Upi,1684,P017,2.0,85695.0,Keyboard,Smartphone,53396.91025641026
C0102,Customer_102,2024-09-18,city_Customer_102,O00850,2024-05-12,Cash On Delivery,370,P038,0.0,18948.0,Xiaomi Redmi,Laptop,53205.84210526316
C0102,Customer_102,2024-09-18,city_Customer_102,O00850,2024-05-12,Cash On Delivery,1173,P017,4.0,36949.0,Keyboard,Smartphone,53396.91025641026
C0102,Customer_102,2024-09-18,city_Customer_102,O01138,2024-10-10,Cash On Delivery,76,P047,2.0,27083.0,Oneplus,Smart Phone,33791.0
C0102,Customer_102,2024-09-18,city_Customer_102,O01138,2024-10-10,Cash On Delivery,322,P053,2.0,17811.0,Iphone 13,Accessories,24279.52380952381
C0103,Customer_103,2024-11-04,city_Customer_103,O00396,2024-07-01,Cash On Delivery,580,P054,1.0,39706.0,Laptop Bag,Smartphone,34450.0
C0103,Customer_103,2024-11-04,city_Customer_103,O00396,2024-07-01,Cash On Delivery,1385,P035,0.0,40862.0,Laptop Bag,Laptop,77306.0
C0103,Customer_103,2024-11-04,city_Customer_103,O00829,2024-10-05,Cash On Delivery,375,P025,2.0,49252.5,Dell Inspiron,Laptop,84776.0
C0103,Customer_103,2024-11-04,city_Customer_103,O00829,2024-10-05,Cash On Delivery,954,P010,1.0,38223.0,Iphone 13,Smart Phone,41625.760869565216
C0104,Customer_104,2024-07-15,city_Customer_104,O00611,2025-05-10,Cash On Delivery,130,P072,4.0,51854.0,Dell Inspiron,Tablet,52421.12765957447
C0104,Customer_104,2024-07-15,city_Customer_104,O01152,2024-04-08,Upi,1305,P065,1.0,27083.0,Dell Inspiron,Smart Phone,58364.0
C0104,Customer_104,2024-07-15,city_Customer_104,O01152,2024-04-08,Upi,1689,P050,2.0,53856.0,Lenovo Ideapad,Tablet,59514.0
C0105,Customer_105,2023-01-15,city_Customer_105,O00348,2025-02-05,Debit Card,1033,P059,2.0,30040.0,Oneplus,Accessories,33875.24324324324
C0105,Customer_105,2023-01-15,city_Customer_105,O00348,2025-02-05,Debit Card,1160,P044,1.0,51790.5,Oneplus,Tablet,13294.0
C0105,Customer_105,2023-01-15,city_Customer_105,O00384,2024-08-23,Cash On Delivery,274,P080,0.0,63653.0,Oneplus,Laptop,82478.0
C0105,Customer_105,2023-01-15,city_Customer_105,O00758,2024-06-24,Credit Card,205,P018,2.0,48708.5,Dell Inspiron,Laptop,50919.833333333336
C0105,Customer_105,2023-01-15,city_Customer_105,O00758,2024-06-24,Credit Card,734,P018,4.0,48708.5,Dell Inspiron,Laptop,50919.833333333336
C0105,Customer_105,2023-01-15,city_Customer_105,O00758,2024-06-24,Credit Card,1126,P059,1.0,30040.0,Oneplus,Accessories,33875.24324324324
C0107,Customer_107,2023-05-23,city_Customer_107,O00895,2025-05-10,Debit Card,1553,P004,0.0,3445.0,Lenovo Tab,Tablet,32011.4
C0109,Customer_109,2023-09-15,city_Customer_109,O00102,2024-07-09,Unknown,385,P066,3.0,37100.5,Samsung Tab,Smart Phone,39443.125
C0109,Customer_109,2023-09-15,city_Customer_109,O00102,2024-07-09,Unknown,1654,P040,0.0,41485.5,Keyboard,Smartphone,43837.91935483871
C0109,Customer_109,2023-09-15,city_Customer_109,O00102,2024-07-09,Unknown,1747,P044,4.0,51790.5,Oneplus,Tablet,13294.0
C0110,Customer_110,2023-09-04,city_Customer_110,O00626,2025-03-26,Upi,176,P015,2.0,6530.0,Laptop Bag,Smart Phone,76755.0
C0110,Customer_110,2023-09-04,city_Customer_110,O00626,2025-03-26,Upi,916,P052,4.0,82526.0,Xiaomi Redmi,Smart Phone,49998.94117647059
C0110,Customer_110,2023-09-04,city_Customer_110,O00973,2024-12-24,Cash On Delivery,925,P059,0.0,15618.0,Oneplus,Accessories,33875.24324324324
C0110,Customer_110,2023-09-04,city_Customer_110,O00973,2024-12-24,Cash On Delivery,1141,P079,1.0,53168.5,Oneplus,Tablet,49850.653846153844
C0110,Customer_110,2023-09-04,city_Customer_110,O00973,2024-12-24,Cash On Delivery,1351,P026,4.0,43771.5,Xiaomi Redmi,Laptop,42897.775862068964
C0110,Customer_110,2023-09-04,city_Customer_110,O00982,2025-03-20,Cash On Delivery,852,P007,1.0,61681.0,Hp Pavilion,Accessories,57956.333333333336
C0111,Customer_111,2023-09-23,city_Customer_111,O00555,2024-10-30,Unknown,735,P027,0.0,71451.0,Ipad Air,Smart Phone,40595.0
C0111,Customer_111,2023-09-23,city_Customer_111,O00555,2024-10-30,Unknown,736,P040,3.0,7758.0,Keyboard,Smartphone,43837.91935483871
C0111,Customer_111,2023-09-23,city_Customer_111,O00555,2024-10-30,Unknown,974,P035,3.0,40862.0,Laptop Bag,Laptop,77306.0
C0111,Customer_111,2023-09-23,city_Customer_111,O00945,2025-03-06,Unknown,728,P029,4.0,35884.0,Samsung Galaxy,Accessories,39583.26
C0111,Customer_111,2023-09-23,city_Customer_111,O00945,2025-03-06,Unknown,1052,P007,1.0,38130.0,Hp Pavilion,Accessories,57956.333333333336
C0113,Customer_113,2024-04-14,city_Customer_113,O00177,2024-03-03,Cash On Delivery,349,P006,1.0,64844.0,Laptop Bag,Tablet,61785.52173913043
C0113,Customer_113,2024-04-14,city_Customer_113,O00177,2024-03-03,Cash On Delivery,1440,P070,3.0,9813.0,Ipad Air,Tablet,33141.25
C0113,Customer_113,2024-04-14,city_Customer_113,O00497,2024-02-03,Credit Card,1437,P002,3.0,1509.0,Samsung Tab,Smartphone,68660.0
C0113,Customer_113,2024-04-14,city_Customer_113,O00497,2024-02-03,Credit Card,1970,P080,1.0,54166.0,Oneplus,Laptop,82478.0
C0113,Customer_113,2024-04-14,city_Customer_113,O00636,2024-05-29,Upi,546,P010,2.0,38223.0,Iphone 13,Smart Phone,41625.760869565216
C0113,Customer_113,2024-04-14,city_Customer_113,O00861,2024-01-31,Upi,319,P062,4.0,45952.0,Dell Inspiron,Tablet,44048.24444444444
C0114,Customer_114,2024-03-06,city_Customer_114,O00401,2024-07-02,Credit Card,1979,P062,0.0,43803.0,Dell Inspiron,Tablet,44048.24444444444
C0114,Customer_114,2024-03-06,city_Customer_114,O01161,2025-02-28,Debit Card,1442,P035,1.0,28431.0,Laptop Bag,Laptop,77306.0
C0114,Customer_114,2024-03-06,city_Customer_114,O01161,2025-02-28,Debit Card,1756,P022,3.0,61496.0,Samsung Tab,Accessory,33689.54878048781
C0115,Customer_115,2023-05-14,city_Customer_115,O00535,2024-08-18,Unknown,190,P038,4.0,58815.0,Xiaomi Redmi,Laptop,53205.84210526316
C0115,Customer_115,2023-05-14,city_Customer_115,O00535,2024-08-18,Unknown,1915,P033,2.0,25126.0,Wireless Mouse,Laptop,47453.0
C0116,Customer_116,2024-06-06,city_Customer_116,O00197,2024-05-06,Credit Card,1616,P079,2.0,52318.0,Oneplus,Tablet,49850.653846153844
C0116,Customer_116,2024-06-06,city_Customer_116,O00397,2024-01-18,Credit Card,512,P004,2.0,26159.0,Lenovo Tab,Tablet,32011.4
C0116,Customer_116,2024-06-06,city_Customer_116,O00397,2024-01-18,Credit Card,1395,P077,2.0,50487.0,Wireless Mouse,Smart Phone,39614.833333333336
C0116,Customer_116,2024-06-06,city_Customer_116,O01083,2024-08-25,Upi,1902,P020,1.0,42154.0,Dell Inspiron,Smartphone,42083.15789473684
C0116,Customer_116,2024-06-06,city_Customer_116,O01083,2024-08-25,Upi,1999,P043,3.0,18251.0,Usb Hub,Accessory,35204.98387096774
C0117,Customer_116,2025-03-06,city_Customer_116,O00400,2025-02-09,Unknown,1461,P002,4.0,88990.0,Samsung Tab,Smartphone,68660.0
C0117,Customer_116,2025-03-06,city_Customer_116,O00400,2025-02-09,Unknown,1490,P053,4.0,16242.0,Iphone 13,Accessories,24279.52380952381
C0118,Customer_118,2025-03-05,city_Customer_118,O00332,2024-12-19,Upi,1762,P028,2.0,2083.0,Samsung Galaxy,Tablet,35571.85294117647
C0118,Customer_118,2025-03-05,city_Customer_118,O00604,2024-01-20,Upi,1705,P066,3.0,37100.5,Samsung Tab,Smart Phone,39443.125
C0119,Customer_119,2023-05-25,city_Customer_119,O00655,2024-04-02,Credit Card,401,P011,3.0,49358.0,Lenovo Ideapad,Accessories,50263.19047619047
C0120,Customer_120,2023-05-04,city_Customer_120,O00077,2024-07-04,Credit Card,666,P042,3.0,35410.0,Hp Pavilion,Laptop,36647.529411764706
C0120,Customer_120,2023-05-04,city_Customer_120,O00077,2024-07-04,Credit Card,864,P025,0.0,49252.5,Dell Inspiron,Laptop,84776.0
C0120,Customer_120,2023-05-04,city_Customer_120,O00077,2024-07-04,Credit Card,1289,P015,2.0,65664.0,Laptop Bag,Smart Phone,76755.0
C0120,Customer_120,2023-05-04,city_Customer_120,O00978,2024-02-16,Cash On Delivery,1335,P055,1.0,24933.0,Keyboard,Accessory,40085.583333333336
C0122,Customer_122,2024-05-09,city_Customer_122,O00027,2024-05-15,Credit Card,849,P025,2.0,49252.5,Dell Inspiron,Laptop,84776.0
C0122,Customer_122,2024-05-09,city_Customer_122,O00027,2024-05-15,Credit Card,1255,P054,3.0,49038.0,Laptop Bag,Smartphone,34450.0
C0122,Customer_122,2024-05-09,city_Customer_122,O00027,2024-05-15,Credit Card,1909,P033,1.0,30928.0,Wireless Mouse,Laptop,47453.0
C0122,Customer_122,2024-05-09,city_Customer_122,O00060,2025-01-31,Cash On Delivery,356,P047,0.0,27083.0,Oneplus,Smart Phone,33791.0
C0122,Customer_122,2024-05-09,city_Customer_122,O00060,2025-01-31,Cash On Delivery,906,P002,4.0,59279.0,Samsung Tab,Smartphone,68660.0
C0122,Customer_122,2024-05-09,city_Customer_122,O00060,2025-01-31,Cash On Delivery,1121,P027,1.0,53586.0,Ipad Air,Smart Phone,40595.0
C0122,Customer_122,2024-05-09,city_Customer_122,O00778,2025-10-04,Cash On Delivery,481,P061,4.0,21285.0,Lenovo Tab,Tablet,41829.80952380953
C0122,Customer_122,2024-05-09,city_Customer_122,O00778,2025-10-04,Cash On Delivery,1492,P043,0.0,32759.5,Usb Hub,Accessory,35204.98387096774
C0123,Customer_123,2024-07-27,city_Customer_123,O00112,2024-12-27,Debit Card,4,P045,2.0,49066.0,Lenovo Tab,Laptop,50316.055555555555
C0123,Customer_123,2024-07-27,city_Customer_123,O00112,2024-12-27,Debit Card,1669,P056,2.0,50794.0,Samsung Galaxy,Smart Phone,49022.142857142855
C0123,Customer_123,2024-07-27,city_Customer_123,O00142,2024-05-11,Cash On Delivery,987,P038,4.0,27961.0,Xiaomi Redmi,Laptop,53205.84210526316
C0123,Customer_123,2024-07-27,city_Customer_123,O00142,2024-05-11,Cash On Delivery,1517,P067,4.0,18177.0,Usb Hub,Smartphone,33419.208333333336
C0123,Customer_123,2024-07-27,city_Customer_123,O00142,2024-05-11,Cash On Delivery,1958,P067,4.0,29183.5,Usb Hub,Smartphone,33419.208333333336
C0123,Customer_123,2024-07-27,city_Customer_123,O01135,2024-10-10,Cash On Delivery,1853,P011,1.0,66729.0,Lenovo Ideapad,Accessories,50263.19047619047
C0124,Customer_124,2023-10-11,city_Customer_124,O00198,2024-01-31,Debit Card,315,P058,1.0,75295.0,Lenovo Ideapad,Smartphone,41597.0
C0124,Customer_124,2023-10-11,city_Customer_124,O00198,2024-01-31,Debit Card,855,P076,4.0,72707.0,Wireless Mouse,Accessory,15249.0
C0124,Customer_124,2023-10-11,city_Customer_124,O00669,2024-04-20,Upi,1637,P043,3.0,1512.0,Usb Hub,Accessory,35204.98387096774
C0124,Customer_124,2023-10-11,city_Customer_124,O00888,2024-05-20,Credit Card,263,P070,2.0,31917.0,Ipad Air,Tablet,33141.25
C0124,Customer_124,2023-10-11,city_Customer_124,O00888,2024-05-20,Credit Card,1565,P024,0.0,23386.0,Macbook Air,Smart Phone,37230.45
C0125,Customer_124,2024-06-03,city_Customer_124,O00195,2024-09-23,Cash On Delivery,305,P017,2.0,54245.5,Keyboard,Smartphone,53396.91025641026
C0125,Customer_124,2024-06-03,city_Customer_124,O00195,2024-09-23,Cash On Delivery,781,P079,4.0,35495.0,Oneplus,Tablet,49850.653846153844
C0125,Customer_124,2024-06-03,city_Customer_124,O00255,2024-03-15,Upi,418,P025,0.0,49252.5,Dell Inspiron,Laptop,84776.0
C0125,Customer_124,2024-06-03,city_Customer_124,O00729,2025-05-03,Credit Card,1112,P041,2.0,41654.5,Laptop Bag,Smart Phone,42118.0
C0125,Customer_124,2024-06-03,city_Customer_124,O00729,2025-05-03,Credit Card,1643,P055,3.0,40760.0,Keyboard,Accessory,40085.583333333336
C0126,Customer_126,2025-02-17,city_Customer_126,O00466,2024-01-31,Credit Card,271,P043,3.0,32759.5,Usb Hub,Accessory,35204.98387096774
C0126,Customer_126,2025-02-17,city_Customer_126,O00466,2024-01-31,Credit Card,1240,P045,4.0,53419.5,Lenovo Tab,Laptop,50316.055555555555
C0126,Customer_126,2025-02-17,city_Customer_126,O00466,2024-01-31,Credit Card,1359,P056,0.0,50794.0,Samsung Galaxy,Smart Phone,49022.142857142855
C0126,Customer_126,2025-02-17,city_Customer_126,O00466,2024-01-31,Credit Card,1683,P074,4.0,35034.0,Samsung Tab,Tablet,51600.791666666664
C0127,Customer_127,2024-03-29,city_Customer_127,O00977,2025-04-01,Unknown,97,P012,0.0,51743.0,Lenovo Ideapad,Accessory,27157.0
C0127,Customer_127,2024-03-29,city_Customer_127,O00977,2025-04-01,Unknown,1805,P058,0.0,24413.0,Lenovo Ideapad,Smartphone,41597.0
C0129,Customer_129,2023-10-11,city_Customer_129,O00289,2025-03-22,Upi,484,P049,3.0,28217.0,Wireless Mouse,Smartphone,61022.0
C0129,Customer_129,2023-10-11,city_Customer_129,O00289,2025-03-22,Upi,690,P014,3.0,32503.0,Xiaomi Redmi,Laptop,5475.0
C0129,Customer_129,2023-10-11,city_Customer_129,O00289,2025-03-22,Upi,1195,P038,2.0,77948.0,Xiaomi Redmi,Laptop,53205.84210526316
C0130,Customer_130,2025-04-06,city_Customer_130,O00038,2024-06-22,Cash On Delivery,899,P050,0.0,76969.0,Lenovo Ideapad,Tablet,59514.0
C0130,Customer_130,2025-04-06,city_Customer_130,O00773,2025-04-28,Unknown,1509,P059,3.0,30040.0,Oneplus,Accessories,33875.24324324324
C0130,Customer_130,2025-04-06,city_Customer_130,O01080,2025-05-15,Upi,178,P050,2.0,37198.0,Lenovo Ideapad,Tablet,59514.0
C0130,Customer_130,2025-04-06,city_Customer_130,O01080,2025-05-15,Upi,1281,P052,4.0,52743.0,Xiaomi Redmi,Smart Phone,49998.94117647059
C0130,Customer_130,2025-04-06,city_Customer_130,O01080,2025-05-15,Upi,1860,P043,1.0,32759.5,Usb Hub,Accessory,35204.98387096774
C0130,Customer_130,2025-04-06,city_Customer_130,O01199,2024-03-13,Unknown,75,P044,2.0,51790.5,Oneplus,Tablet,13294.0
C0130,Customer_130,2025-04-06,city_Customer_130,O01199,2024-03-13,Unknown,225,P035,2.0,40862.0,Laptop Bag,Laptop,77306.0
C0130,Customer_130,2025-04-06,city_Customer_130,O01199,2024-03-13,Unknown,365,P074,1.0,78227.0,Samsung Tab,Tablet,51600.791666666664
C0131,Customer_131,2024-12-16,city_Customer_131,O00046,2024-10-27,Upi,8,P062,2.0,87380.0,Dell Inspiron,Tablet,44048.24444444444
C0131,Customer_131,2024-12-16,city_Customer_131,O00046,2024-10-27,Upi,167,P038,3.0,58815.0,Xiaomi Redmi,Laptop,53205.84210526316
C0131,Customer_131,2024-12-16,city_Customer_131,O00046,2024-10-27,Upi,215,P066,4.0,25631.0,Samsung Tab,Smart Phone,39443.125
C0131,Customer_131,2024-12-16,city_Customer_131,O00631,2025-04-10,Credit Card,472,P062,2.0,43803.0,Dell Inspiron,Tablet,44048.24444444444
C0131,Customer_131,2024-12-16,city_Customer_131,O00631,2025-04-10,Credit Card,550,P048,2.0,4605.0,Wireless Mouse,Laptop,47676.0
C0131,Customer_131,2024-12-16,city_Customer_131,O00631,2025-04-10,Credit Card,1446,P054,0.0,43685.0,Laptop Bag,Smartphone,34450.0
C0131,Customer_131,2024-12-16,city_Customer_131,O00631,2025-04-10,Credit Card,1467,P053,1.0,17936.0,Iphone 13,Accessories,24279.52380952381
C0131,Customer_131,2024-12-16,city_Customer_131,O00911,2024-04-23,Credit Card,604,P052,0.0,13678.0,Xiaomi Redmi,Smart Phone,49998.94117647059
C0131,Customer_131,2024-12-16,city_Customer_131,O00911,2024-04-23,Credit Card,1549,P042,4.0,35410.0,Hp Pavilion,Laptop,36647.529411764706
C0133,Customer_133,2025-05-10,city_Customer_133,O00550,2025-04-18,Credit Card,212,P010,4.0,26649.0,Iphone 13,Smart Phone,41625.760869565216
C0133,Customer_133,2025-05-10,city_Customer_133,O00588,2024-04-23,Debit Card,1847,P022,4.0,37050.0,Samsung Tab,Accessory,33689.54878048781
C0133,Customer_133,2025-05-10,city_Customer_133,O01141,2024-10-25,Cash On Delivery,1404,P019,1.0,38300.0,Samsung Galaxy,Smartphone,40344.217391304344
C0133,Customer_133,2025-05-10,city_Customer_133,O01141,2024-10-25,Cash On Delivery,1464,P055,2.0,3792.0,Keyboard,Accessory,40085.583333333336
C0135,Customer_135,2023-03-16,city_Customer_135,O00934,2025-02-09,Cash On Delivery,1544,P031,0.0,57914.5,Samsung Tab,Accessories,57484.28571428572
C0136,Customer_136,2023-03-16,city_Customer_136,O00722,2024-03-18,Credit Card,302,P012,3.0,51743.0,Lenovo Ideapad,Accessory,27157.0
C0136,Customer_136,2023-03-16,city_Customer_136,O00722,2024-03-18,Credit Card,1030,P036,2.0,37288.0,Lenovo Ideapad,Tablet,40888.2
C0137,Customer_137,2025-03-13,city_Customer_137,O00160,2025-03-22,Debit Card,467,P076,2.0,58608.0,Wireless Mouse,Accessory,15249.0
C0137,Customer_137,2025-03-13,city_Customer_137,O00160,2025-03-22,Debit Card,1245,P078,4.0,61607.0,Usb Hub,Accessory,70378.0
C0137,Customer_137,2025-03-13,city_Customer_137,O00327,2025-04-24,Cash On Delivery,17,P080,3.0,56159.0,Oneplus,Laptop,82478.0
C0137,Customer_137,2025-03-13,city_Customer_137,O00327,2025-04-24,Cash On Delivery,1108,P023,3.0,47118.0,Lenovo Tab,Tablet,48549.107142857145
C0137,Customer_137,2025-03-13,city_Customer_137,O00327,2025-04-24,Cash On Delivery,1420,P039,2.0,53326.0,Xiaomi Redmi,Accessory,69520.0
C0137,Customer_137,2025-03-13,city_Customer_137,O01165,2024-02-07,Debit Card,723,P016,1.0,47793.0,Ipad Air,Smart Phone,37730.5
C0137,Customer_137,2025-03-13,city_Customer_137,O01165,2024-02-07,Debit Card,1227,P020,4.0,42154.0,Dell Inspiron,Smartphone,42083.15789473684
C0137,Customer_137,2025-03-13,city_Customer_137,O01165,2024-02-07,Debit Card,1422,P065,4.0,15354.0,Dell Inspiron,Smart Phone,58364.0
C0139,Customer_139,2023-05-27,city_Customer_139,O00678,2025-04-20,Cash On Delivery,807,P023,2.0,19753.0,Lenovo Tab,Tablet,48549.107142857145
C0140,Customer_140,2024-04-23,city_Customer_140,O01125,2024-11-26,Credit Card,457,P007,0.0,38475.0,Hp Pavilion,Accessories,57956.333333333336
C0140,Customer_140,2024-04-23,city_Customer_140,O01125,2024-11-26,Credit Card,905,P072,0.0,54236.0,Dell Inspiron,Tablet,52421.12765957447
C0141,Customer_141,2024-02-12,city_Customer_141,O00178,2024-10-04,Credit Card,404,P049,2.0,28217.0,Wireless Mouse,Smartphone,61022.0
C0141,Customer_141,2024-02-12,city_Customer_141,O00178,2024-10-04,Credit Card,432,P035,1.0,40862.0,Laptop Bag,Laptop,77306.0
C0141,Customer_141,2024-02-12,city_Customer_141,O00178,2024-10-04,Credit Card,741,P059,3.0,68841.0,Oneplus,Accessories,33875.24324324324
C0141,Customer_141,2024-02-12,city_Customer_141,O00178,2024-10-04,Credit Card,1736,P052,2.0,72352.0,Xiaomi Redmi,Smart Phone,49998.94117647059
C0141,Customer_141,2024-02-12,city_Customer_141,O00178,2024-10-04,Credit Card,1794,P020,3.0,38468.0,Dell Inspiron,Smartphone,42083.15789473684
C0141,Customer_141,2024-02-12,city_Customer_141,O00324,2024-03-10,Unknown,379,P035,0.0,60638.0,Laptop Bag,Laptop,77306.0
C0141,Customer_141,2024-02-12,city_Customer_141,O00889,2024-09-24,Cash On Delivery,1287,P017,4.0,29917.0,Keyboard,Smartphone,53396.91025641026
C0141,Customer_141,2024-02-12,city_Customer_141,O00889,2024-09-24,Cash On Delivery,1839,P044,0.0,61684.0,Oneplus,Tablet,13294.0
C0142,Customer_142,2024-11-14,city_Customer_142,O00151,2025-03-07,Credit Card,641,P011,2.0,49358.0,Lenovo Ideapad,Accessories,50263.19047619047
C0142,Customer_142,2024-11-14,city_Customer_142,O00345,2025-01-17,Upi,193,P040,2.0,41485.5,Keyboard,Smartphone,43837.91935483871
C0142,Customer_142,2024-11-14,city_Customer_142,O00345,2025-01-17,Upi,821,P017,4.0,54245.5,Keyboard,Smartphone,53396.91025641026
C0142,Customer_142,2024-11-14,city_Customer_142,O00345,2025-01-17,Upi,907,P028,4.0,36853.5,Samsung Galaxy,Tablet,35571.85294117647
C0142,Customer_142,2024-11-14,city_Customer_142,O00345,2025-01-17,Upi,1139,P072,4.0,54236.0,Dell Inspiron,Tablet,52421.12765957447
C0142,Customer_142,2024-11-14,city_Customer_142,O00766,2024-01-07,Credit Card,15,P044,2.0,49981.0,Oneplus,Tablet,13294.0
C0142,Customer_142,2024-11-14,city_Customer_142,O00766,2024-01-07,Credit Card,184,P009,1.0,15310.0,Iphone 13,Tablet,70582.0
C0142,Customer_142,2024-11-14,city_Customer_142,O00766,2024-01-07,Credit Card,637,P051,2.0,16776.0,Keyboard,Smart Phone,18522.0
C0142,Customer_142,2024-11-14,city_Customer_142,O00766,2024-01-07,Credit Card,703,P010,2.0,58585.0,Iphone 13,Smart Phone,41625.760869565216
C0142,Customer_142,2024-11-14,city_Customer_142,O00766,2024-01-07,Credit Card,800,P052,2.0,24908.0,Xiaomi Redmi,Smart Phone,49998.94117647059
C0142,Customer_142,2024-11-14,city_Customer_142,O00766,2024-01-07,Credit Card,1837,P069,3.0,38257.0,Usb Hub,Laptop,39186.36842105263
C0142,Customer_142,2024-11-14,city_Customer_142,O00843,2024-07-08,Debit Card,708,P041,3.0,55016.0,Laptop Bag,Smart Phone,42118.0
C0142,Customer_142,2024-11-14,city_Customer_142,O00843,2024-07-08,Debit Card,1601,P078,2.0,46377.0,Usb Hub,Accessory,70378.0
C0143,Customer_143,2024-12-24,city_Customer_143,O00028,2024-08-30,Upi,526,P041,1.0,20064.0,Laptop Bag,Smart Phone,42118.0
C0143,Customer_143,2024-12-24,city_Customer_143,O00028,2024-08-30,Upi,1057,P025,2.0,49252.5,Dell Inspiron,Laptop,84776.0
C0143,Customer_143,2024-12-24,city_Customer_143,O00028,2024-08-30,Upi,1252,P003,2.0,40345.0,Hp Pavilion,Accessories,40489.0
C0143,Customer_143,2024-12-24,city_Customer_143,O01000,2025-03-14,Upi,119,P026,0.0,33602.0,Xiaomi Redmi,Laptop,42897.775862068964
C0143,Customer_143,2024-12-24,city_Customer_143,O01000,2025-03-14,Upi,458,P052,3.0,52743.0,Xiaomi Redmi,Smart Phone,49998.94117647059
C0143,Customer_143,2024-12-24,city_Customer_143,O01000,2025-03-14,Upi,1045,P026,3.0,43771.5,Xiaomi Redmi,Laptop,42897.775862068964
C0143,Customer_143,2024-12-24,city_Customer_143,O01000,2025-03-14,Upi,1849,P059,2.0,30040.0,Oneplus,Accessories,33875.24324324324
C0144,Customer_144,2024-02-18,city_Customer_144,O00019,2024-09-28,Upi,854,P050,3.0,53856.0,Lenovo Ideapad,Tablet,59514.0
C0144,Customer_144,2024-02-18,city_Customer_144,O00217,2024-12-11,Debit Card,1815,P060,1.0,30084.0,Usb Hub,Laptop,31558.076923076922
C0144,Customer_144,2024-02-18,city_Customer_144,O00695,2024-04-12,Upi,1649,P013,2.0,30560.0,Samsung Galaxy,Smart Phone,51735.0
C0145,Customer_145,2024-01-01,city_Customer_145,O00087,2025-02-19,Credit Card,469,P057,2.0,24826.0,Lenovo Ideapad,Laptop,27615.0
C0146,Customer_146,2024-01-10,city_Customer_146,O00356,2024-12-18,Credit Card,174,P026,3.0,63944.0,Xiaomi Redmi,Laptop,42897.775862068964
C0146,Customer_146,2024-01-10,city_Customer_146,O00356,2024-12-18,Credit Card,671,P072,1.0,1682.0,Dell Inspiron,Tablet,52421.12765957447
C0146,Customer_146,2024-01-10,city_Customer_146,O00356,2024-12-18,Credit Card,771,P075,4.0,67962.0,Iphone 13,Smart Phone,65357.26666666667
C0146,Customer_146,2024-01-10,city_Customer_146,O00827,2024-10-12,Unknown,80,P048,0.0,31645.0,Wireless Mouse,Laptop,47676.0
C0146,Customer_146,2024-01-10,city_Customer_146,O00827,2024-10-12,Unknown,1119,P073,0.0,59778.0,Lenovo Tab,Accessory,3393.0
C0146,Customer_146,2024-01-10,city_Customer_146,O00827,2024-10-12,Unknown,1570,P054,4.0,49038.0,Laptop Bag,Smartphone,34450.0
C0146,Customer_146,2024-01-10,city_Customer_146,O00827,2024-10-12,Unknown,1648,P002,2.0,64082.0,Samsung Tab,Smartphone,68660.0
C0146,Customer_146,2024-01-10,city_Customer_146,O00827,2024-10-12,Unknown,1707,P067,2.0,17737.0,Usb Hub,Smartphone,33419.208333333336
C0146,Customer_146,2024-01-10,city_Customer_146,O01041,2024-12-06,Credit Card,1479,P014,1.0,28858.5,Xiaomi Redmi,Laptop,5475.0
C0146,Customer_146,2024-01-10,city_Customer_146,O01041,2024-12-06,Credit Card,1536,P077,2.0,36191.5,Wireless Mouse,Smart Phone,39614.833333333336
C0146,Customer_146,2024-01-10,city_Customer_146,O01166,2024-03-24,Credit Card,478,P078,2.0,46377.0,Usb Hub,Accessory,70378.0
C0146,Customer_146,2024-01-10,city_Customer_146,O01166,2024-03-24,Credit Card,1465,P052,3.0,57691.0,Xiaomi Redmi,Smart Phone,49998.94117647059
C0147,Customer_146,2024-04-14,city_Customer_146,O00125,2025-04-13,Upi,1545,P002,2.0,59279.0,Samsung Tab,Smartphone,68660.0
C0147,Customer_146,2024-04-14,city_Customer_146,O01024,2024-05-11,Credit Card,294,P024,3.0,34391.5,Macbook Air,Smart Phone,37230.45
C0147,Customer_146,2024-04-14,city_Customer_146,O01024,2024-05-11,Credit Card,1239,P001,0.0,15040.0,Lenovo Ideapad,Tablet,28151.0
C0148,Customer_148,2024-01-29,city_Customer_148,O00037,2024-01-18,Cash On Delivery,950,P034,4.0,32950.0,Laptop Bag,Laptop,37213.31578947369
C0148,Customer_148,2024-01-29,city_Customer_148,O00037,2024-01-18,Cash On Delivery,1898,P052,3.0,52743.0,Xiaomi Redmi,Smart Phone,49998.94117647059
C0148,Customer_148,2024-01-29,city_Customer_148,O00254,2024-10-21,Cash On Delivery,804,P006,0.0,64844.0,Laptop Bag,Tablet,61785.52173913043
C0148,Customer_148,2024-01-29,city_Customer_148,O00254,2024-10-21,Cash On Delivery,847,P041,2.0,41654.5,Laptop Bag,Smart Phone,42118.0
C0148,Customer_148,2024-01-29,city_Customer_148,O00254,2024-10-21,Cash On Delivery,1337,P006,1.0,88123.0,Laptop Bag,Tablet,61785.52173913043
C0148,Customer_148,2024-01-29,city_Customer_148,O00254,2024-10-21,Cash On Delivery,1901,P049,0.0,28217.0,Wireless Mouse,Smartphone,61022.0
C0148,Customer_148,2024-01-29,city_Customer_148,O00259,2025-01-01,Cash On Delivery,1603,P076,4.0,47864.0,Wireless Mouse,Accessory,15249.0
C0148,Customer_148,2024-01-29,city_Customer_148,O00432,2024-06-03,Debit Card,160,P076,2.0,26248.0,Wireless Mouse,Accessory,15249.0
C0148,Customer_148,2024-01-29,city_Customer_148,O01029,2024-03-19,Unknown,1133,P033,3.0,54325.0,Wireless Mouse,Laptop,47453.0
C0148,Customer_148,2024-01-29,city_Customer_148,O01076,2024-10-09,Upi,748,P013,0.0,30560.0,Samsung Galaxy,Smart Phone,51735.0
C0149,Customer_149,2023-10-30,city_Customer_149,O01117,2025-02-19,Debit Card,1634,P048,1.0,31645.0,Wireless Mouse,Laptop,47676.0
C0150,Customer_150,2023-04-26,city_Customer_150,O00009,2024-06-29,Cash On Delivery,1032,P027,2.0,32491.5,Ipad Air,Smart Phone,40595.0
C0150,Customer_150,2023-04-26,city_Customer_150,O00009,2024-06-29,Cash On Delivery,1452,P055,2.0,59375.0,Keyboard,Accessory,40085.583333333336
C0150,Customer_150,2023-04-26,city_Customer_150,O00009,2024-06-29,Cash On Delivery,1787,P040,2.0,41485.5,Keyboard,Smartphone,43837.91935483871
C0150,Customer_150,2023-04-26,city_Customer_150,O00009,2024-06-29,Cash On Delivery,1825,P030,0.0,45160.0,Laptop Bag,Accessory,44051.0
C0151,Customer_151,2025-06-16,city_Customer_151,O00051,2024-11-16,Upi,640,P068,0.0,53379.0,Xiaomi Redmi,Tablet,43027.0
C0151,Customer_151,2025-06-16,city_Customer_151,O00051,2024-11-16,Upi,835,P080,0.0,45528.0,Oneplus,Laptop,82478.0
C0152,Customer_152,2023-10-06,city_Customer_152,O00644,2025-01-10,Credit Card,1300,P071,1.0,36132.5,Iphone 13,Tablet,65274.0
C0152,Customer_152,2023-10-06,city_Customer_152,O00644,2025-01-10,Credit Card,1558,P048,4.0,31645.0,Wireless Mouse,Laptop,47676.0
C0152,Customer_152,2023-10-06,city_Customer_152,O00644,2025-01-10,Credit Card,1576,P037,3.0,36257.0,Iphone 13,Laptop,2571.0
C0152,Customer_152,2023-10-06,city_Customer_152,O01162,2024-07-08,Upi,185,P039,2.0,3534.0,Xiaomi Redmi,Accessory,69520.0
C0152,Customer_152,2023-10-06,city_Customer_152,O01162,2024-07-08,Upi,1317,P011,2.0,86191.0,Lenovo Ideapad,Accessories,50263.19047619047
C0153,Customer_152,2023-10-04,city_Customer_152,O00468,2025-04-07,Credit Card,194,P013,4.0,30560.0,Samsung Galaxy,Smart Phone,51735.0
C0153,Customer_152,2023-10-04,city_Customer_152,O00468,2025-04-07,Credit Card,218,P072,2.0,48108.0,Dell Inspiron,Tablet,52421.12765957447
C0153,Customer_152,2023-10-04,city_Customer_152,O00468,2025-04-07,Credit Card,338,P064,0.0,57795.5,Lenovo Ideapad,Accessories,81129.0
C0153,Customer_152,2023-10-04,city_Customer_152,O00468,2025-04-07,Credit Card,394,P032,2.0,52315.0,Ipad Air,Tablet,6095.0
C0153,Customer_152,2023-10-04,city_Customer_152,O00468,2025-04-07,Credit Card,620,P068,0.0,53379.0,Xiaomi Redmi,Tablet,43027.0
C0153,Customer_152,2023-10-04,city_Customer_152,O00984,2025-05-14,Cash On Delivery,1183,P016,3.0,36124.0,Ipad Air,Smart Phone,37730.5
C0153,Customer_152,2023-10-04,city_Customer_152,O01077,2024-08-10,Upi,1688,P022,1.0,31350.5,Samsung Tab,Accessory,33689.54878048781
C0154,Customer_154,2025-05-19,city_Customer_154,O00402,2024-10-10,Cash On Delivery,904,P003,2.0,40345.0,Hp Pavilion,Accessories,40489.0
C0155,Customer_155,2024-02-20,city_Customer_155,O00405,2024-09-06,Unknown,938,P027,3.0,32491.5,Ipad Air,Smart Phone,40595.0
C0155,Customer_155,2024-02-20,city_Customer_155,O00405,2024-09-06,Unknown,1167,P033,4.0,42539.0,Wireless Mouse,Laptop,47453.0
C0155,Customer_155,2024-02-20,city_Customer_155,O00405,2024-09-06,Unknown,1595,P080,2.0,56159.0,Oneplus,Laptop,82478.0
C0155,Customer_155,2024-02-20,city_Customer_155,O00429,2024-03-10,Upi,292,P034,1.0,24846.0,Laptop Bag,Laptop,37213.31578947369
C0155,Customer_155,2024-02-20,city_Customer_155,O00429,2024-03-10,Upi,552,P012,2.0,53458.0,Lenovo Ideapad,Accessory,27157.0
C0155,Customer_155,2024-02-20,city_Customer_155,O00429,2024-03-10,Upi,1535,P033,0.0,37976.0,Wireless Mouse,Laptop,47453.0
C0155,Customer_155,2024-02-20,city_Customer_155,O00464,2024-11-17,Cash On Delivery,344,P006,0.0,64844.0,Laptop Bag,Tablet,61785.52173913043
C0155,Customer_155,2024-02-20,city_Customer_155,O00464,2024-11-17,Cash On Delivery,605,P072,4.0,54236.0,Dell Inspiron,Tablet,52421.12765957447
C0155,Customer_155,2024-02-20,city_Customer_155,O00464,2024-11-17,Cash On Delivery,863,P066,2.0,18375.0,Samsung Tab,Smart Phone,39443.125
C0155,Customer_155,2024-02-20,city_Customer_155,O00645,2025-12-02,Credit Card,455,P076,1.0,58608.0,Wireless Mouse,Accessory,15249.0
C0155,Customer_155,2024-02-20,city_Customer_155,O00645,2025-12-02,Credit Card,683,P062,0.0,43803.0,Dell Inspiron,Tablet,44048.24444444444
C0156,Customer_156,2024-08-07,city_Customer_156,O00064,2024-11-16,Cash On Delivery,743,P052,1.0,81086.0,Xiaomi Redmi,Smart Phone,49998.94117647059
C0156,Customer_156,2024-08-07,city_Customer_156,O00064,2024-11-16,Cash On Delivery,1870,P070,4.0,67368.0,Ipad Air,Tablet,33141.25
C0156,Customer_156,2024-08-07,city_Customer_156,O00176,2024-10-26,Debit Card,933,P051,1.0,56001.0,Keyboard,Smart Phone,18522.0
C0156,Customer_156,2024-08-07,city_Customer_156,O00176,2024-10-26,Debit Card,994,P001,0.0,35681.0,Lenovo Ideapad,Tablet,28151.0
C0156,Customer_156,2024-08-07,city_Customer_156,O00176,2024-10-26,Debit Card,1596,P065,1.0,27083.0,Dell Inspiron,Smart Phone,58364.0
C0156,Customer_156,2024-08-07,city_Customer_156,O00683,2024-07-05,Upi,1254,P050,4.0,33085.0,Lenovo Ideapad,Tablet,59514.0
C0156,Customer_156,2024-08-07,city_Customer_156,O01055,2024-08-26,Upi,1801,P066,3.0,67599.0,Samsung Tab,Smart Phone,39443.125
C0156,Customer_156,2024-08-07,city_Customer_156,O01055,2024-08-26,Upi,1980,P026,1.0,70827.0,Xiaomi Redmi,Laptop,42897.775862068964
C0157,Customer_157,2023-04-02,city_Customer_157,O00023,2024-04-16,Credit Card,463,P019,1.0,38300.0,Samsung Galaxy,Smartphone,40344.217391304344
C0157,Customer_157,2023-04-02,city_Customer_157,O00627,2024-11-09,Upi,649,P010,1.0,38223.0,Iphone 13,Smart Phone,41625.760869565216
C0157,Customer_157,2023-04-02,city_Customer_157,O00627,2024-11-09,Upi,848,P017,3.0,18722.0,Keyboard,Smartphone,53396.91025641026
C0157,Customer_157,2023-04-02,city_Customer_157,O00627,2024-11-09,Upi,1450,P043,2.0,62152.0,Usb Hub,Accessory,35204.98387096774
C0157,Customer_157,2023-04-02,city_Customer_157,O00627,2024-11-09,Upi,1606,P039,1.0,26246.0,Xiaomi Redmi,Accessory,69520.0
C0157,Customer_157,2023-04-02,city_Customer_157,O00627,2024-11-09,Upi,1699,P040,4.0,41485.5,Keyboard,Smartphone,43837.91935483871
C0158,Customer_158,2023-07-07,city_Customer_158,O00937,2025-03-05,Cash On Delivery,154,P075,2.0,63388.0,Iphone 13,Smart Phone,65357.26666666667
C0158,Customer_158,2023-07-07,city_Customer_158,O00937,2025-03-05,Cash On Delivery,1059,P022,2.0,12347.0,Samsung Tab,Accessory,33689.54878048781
C0159,Customer_159,2023-10-03,city_Customer_159,O00216,2024-01-08,Cash On Delivery,343,P069,4.0,38257.0,Usb Hub,Laptop,39186.36842105263
C0159,Customer_159,2023-10-03,city_Customer_159,O00216,2024-01-08,Cash On Delivery,627,P050,2.0,56199.0,Lenovo Ideapad,Tablet,59514.0
C0159,Customer_159,2023-10-03,city_Customer_159,O00216,2024-01-08,Cash On Delivery,1212,P065,4.0,27083.0,Dell Inspiron,Smart Phone,58364.0
C0159,Customer_159,2023-10-03,city_Customer_159,O00216,2024-01-08,Cash On Delivery,1399,P013,3.0,30560.0,Samsung Galaxy,Smart Phone,51735.0
C0160,Customer_160,2023-04-01,city_Customer_160,O00062,2024-08-31,Upi,374,P003,1.0,39900.0,Hp Pavilion,Accessories,40489.0
C0160,Customer_160,2023-04-01,city_Customer_160,O00062,2024-08-31,Upi,667,P065,3.0,78931.0,Dell Inspiron,Smart Phone,58364.0
C0160,Customer_160,2023-04-01,city_Customer_160,O00280,2024-05-03,Credit Card,239,P073,0.0,59778.0,Lenovo Tab,Accessory,3393.0
C0160,Customer_160,2023-04-01,city_Customer_160,O00280,2024-05-03,Credit Card,1586,P010,2.0,38223.0,Iphone 13,Smart Phone,41625.760869565216
C0160,Customer_160,2023-04-01,city_Customer_160,O01194,2024-02-13,Upi,353,P059,0.0,30040.0,Oneplus,Accessories,33875.24324324324
C0161,Customer_161,2024-09-14,city_Customer_161,O00127,2025-04-19,Upi,1432,P007,1.0,61681.0,Hp Pavilion,Accessories,57956.333333333336
C0161,Customer_161,2024-09-14,city_Customer_161,O00246,2024-09-25,Credit Card,324,P076,4.0,58608.0,Wireless Mouse,Accessory,15249.0
C0161,Customer_161,2024-09-14,city_Customer_161,O00455,2024-02-17,Credit Card,1510,P057,1.0,88505.0,Lenovo Ideapad,Laptop,27615.0
C0161,Customer_161,2024-09-14,city_Customer_161,O00480,2024-01-09,Credit Card,1873,P003,3.0,40345.0,Hp Pavilion,Accessories,40489.0
C0161,Customer_161,2024-09-14,city_Customer_161,O01095,2024-12-19,Upi,151,P050,4.0,86377.0,Lenovo Ideapad,Tablet,59514.0
C0161,Customer_161,2024-09-14,city_Customer_161,O01095,2024-12-19,Upi,259,P063,0.0,65624.0,Wireless Mouse,Accessories,49252.851851851854
C0161,Customer_161,2024-09-14,city_Customer_161,O01095,2024-12-19,Upi,1541,P052,1.0,39657.0,Xiaomi Redmi,Smart Phone,49998.94117647059
C0162,Customer_162,2023-09-28,city_Customer_162,O00086,2024-10-27,Debit Card,1434,P060,3.0,30084.0,Usb Hub,Laptop,31558.076923076922
C0162,Customer_162,2023-09-28,city_Customer_162,O00952,2024-02-01,Unknown,696,P056,4.0,50794.0,Samsung Galaxy,Smart Phone,49022.142857142855
C0162,Customer_162,2023-09-28,city_Customer_162,O01020,2024-07-13,Upi,509,P018,2.0,55972.0,Dell Inspiron,Laptop,50919.833333333336
C0162,Customer_162,2023-09-28,city_Customer_162,O01020,2024-07-13,Upi,1856,P040,2.0,41485.5,Keyboard,Smartphone,43837.91935483871
C0164,Customer_164,2024-03-03,city_Customer_164,O00115,2024-07-08,Credit Card,535,P020,4.0,42154.0,Dell Inspiron,Smartphone,42083.15789473684
C0164,Customer_164,2024-03-03,city_Customer_164,O00115,2024-07-08,Credit Card,1201,P054,0.0,64414.0,Laptop Bag,Smartphone,34450.0
C0165,Customer_165,2024-09-28,city_Customer_165,O00031,2025-06-03,Unknown,1759,P038,2.0,58815.0,Xiaomi Redmi,Laptop,53205.84210526316
C0165,Customer_165,2024-09-28,city_Customer_165,O00917,2024-07-20,Upi,342,P031,4.0,40149.0,Samsung Tab,Accessories,57484.28571428572
C0165,Customer_165,2024-09-28,city_Customer_165,O00917,2024-07-20,Upi,815,P013,4.0,20524.0,Samsung Galaxy,Smart Phone,51735.0
C0165,Customer_165,2024-09-28,city_Customer_165,O01164,2024-07-09,Cash On Delivery,420,P003,2.0,64992.0,Hp Pavilion,Accessories,40489.0
C0166,Customer_166,2024-12-27,city_Customer_166,O00618,2024-10-31,Unknown,67,P038,0.0,46592.0,Xiaomi Redmi,Laptop,53205.84210526316
C0166,Customer_166,2024-12-27,city_Customer_166,O00618,2024-10-31,Unknown,1070,P017,4.0,86147.0,Keyboard,Smartphone,53396.91025641026
C0166,Customer_166,2024-12-27,city_Customer_166,O00618,2024-10-31,Unknown,1332,P023,2.0,13478.0,Lenovo Tab,Tablet,48549.107142857145
C0166,Customer_166,2024-12-27,city_Customer_166,O00618,2024-10-31,Unknown,1843,P050,2.0,53856.0,Lenovo Ideapad,Tablet,59514.0
C0167,Customer_167,2023-06-15,city_Customer_167,O00145,2024-01-30,Debit Card,1246,P063,4.0,57212.0,Wireless Mouse,Accessories,49252.851851851854
C0167,Customer_167,2023-06-15,city_Customer_167,O00674,2024-07-19,Upi,983,P067,2.0,29183.5,Usb Hub,Smartphone,33419.208333333336
C0167,Customer_167,2023-06-15,city_Customer_167,O00674,2024-07-19,Upi,1542,P059,2.0,30040.0,Oneplus,Accessories,33875.24324324324
C0167,Customer_167,2023-06-15,city_Customer_167,O00696,2024-06-06,Credit Card,1043,P051,2.0,43166.0,Keyboard,Smart Phone,18522.0
C0167,Customer_167,2023-06-15,city_Customer_167,O01139,2024-06-24,Cash On Delivery,52,P066,4.0,37100.5,Samsung Tab,Smart Phone,39443.125
C0167,Customer_167,2023-06-15,city_Customer_167,O01139,2024-06-24,Cash On Delivery,277,P033,1.0,42539.0,Wireless Mouse,Laptop,47453.0
C0167,Customer_167,2023-06-15,city_Customer_167,O01139,2024-06-24,Cash On Delivery,1190,P049,3.0,38500.0,Wireless Mouse,Smartphone,61022.0
C0168,Customer_168,2023-07-26,city_Customer_168,O00921,2025-02-24,Unknown,999,P073,2.0,59778.0,Lenovo Tab,Accessory,3393.0
C0168,Customer_168,2023-07-26,city_Customer_168,O00921,2025-02-24,Unknown,1506,P037,4.0,36257.0,Iphone 13,Laptop,2571.0
C0168,Customer_168,2023-07-26,city_Customer_168,O01127,2025-04-09,Unknown,295,P052,2.0,59721.0,Xiaomi Redmi,Smart Phone,49998.94117647059
C0168,Customer_168,2023-07-26,city_Customer_168,O01127,2025-04-09,Unknown,662,P001,2.0,34936.0,Lenovo Ideapad,Tablet,28151.0
C0169,Customer_169,2023-11-09,city_Customer_169,O00364,2024-12-07,Upi,122,P037,4.0,36257.0,Iphone 13,Laptop,2571.0
C0169,Customer_169,2023-11-09,city_Customer_169,O00364,2024-12-07,Upi,372,P069,4.0,38257.0,Usb Hub,Laptop,39186.36842105263
C0169,Customer_169,2023-11-09,city_Customer_169,O00364,2024-12-07,Upi,727,P074,4.0,51444.0,Samsung Tab,Tablet,51600.791666666664
C0169,Customer_169,2023-11-09,city_Customer_169,O00364,2024-12-07,Upi,1995,P005,3.0,37524.5,Oneplus,Tablet,41247.38888888889
C0169,Customer_169,2023-11-09,city_Customer_169,O00439,2024-11-16,Credit Card,1826,P019,4.0,38300.0,Samsung Galaxy,Smartphone,40344.217391304344
C0170,Customer_170,2023-10-24,city_Customer_170,O00074,2025-05-05,Upi,123,P041,4.0,1249.0,Laptop Bag,Smart Phone,42118.0
C0172,Customer_172,2023-09-14,city_Customer_172,O00672,2024-04-24,Cash On Delivery,361,P064,2.0,57795.5,Lenovo Ideapad,Accessories,81129.0
C0172,Customer_172,2023-09-14,city_Customer_172,O01136,2025-04-13,Unknown,724,P029,4.0,11282.0,Samsung Galaxy,Accessories,39583.26
C0172,Customer_172,2023-09-14,city_Customer_172,O01136,2025-04-13,Unknown,1163,P020,1.0,75188.0,Dell Inspiron,Smartphone,42083.15789473684
C0173,Customer_172,2025-01-20,city_Customer_172,O00392,2024-07-06,Cash On Delivery,543,P062,3.0,43803.0,Dell Inspiron,Tablet,44048.24444444444
C0173,Customer_172,2025-01-20,city_Customer_172,O00392,2024-07-06,Cash On Delivery,744,P013,1.0,11886.0,Samsung Galaxy,Smart Phone,51735.0
C0173,Customer_172,2025-01-20,city_Customer_172,O00392,2024-07-06,Cash On Delivery,1426,P055,4.0,9573.0,Keyboard,Accessory,40085.583333333336
C0173,Customer_172,2025-01-20,city_Customer_172,O00490,2024-08-25,Cash On Delivery,1118,P023,4.0,48471.0,Lenovo Tab,Tablet,48549.107142857145
C0173,Customer_172,2025-01-20,city_Customer_172,O00490,2024-08-25,Cash On Delivery,1552,P057,2.0,33764.0,Lenovo Ideapad,Laptop,27615.0
C0173,Customer_172,2025-01-20,city_Customer_172,O00490,2024-08-25,Cash On Delivery,1769,P010,2.0,24011.0,Iphone 13,Smart Phone,41625.760869565216
C0174,Customer_174,2024-06-10,city_Customer_174,O00975,2024-05-02,Cash On Delivery,644,P065,4.0,27108.0,Dell Inspiron,Smart Phone,58364.0
C0176,Customer_176,2024-03-18,city_Customer_176,O00385,2025-05-10,Unknown,538,P018,2.0,48708.5,Dell Inspiron,Laptop,50919.833333333336
C0176,Customer_176,2024-03-18,city_Customer_176,O00385,2025-05-10,Unknown,1835,P011,3.0,49358.0,Lenovo Ideapad,Accessories,50263.19047619047
C0176,Customer_176,2024-03-18,city_Customer_176,O00995,2025-01-21,Debit Card,613,P032,4.0,52315.0,Ipad Air,Tablet,6095.0
C0176,Customer_176,2024-03-18,city_Customer_176,O00995,2025-01-21,Debit Card,1632,P070,4.0,29335.0,Ipad Air,Tablet,33141.25
C0178,Customer_178,2023-11-12,city_Customer_178,O00266,2024-06-10,Unknown,871,P011,3.0,15710.0,Lenovo Ideapad,Accessories,50263.19047619047
C0178,Customer_178,2023-11-12,city_Customer_178,O00272,2024-03-28,Cash On Delivery,1074,P052,4.0,52743.0,Xiaomi Redmi,Smart Phone,49998.94117647059
C0178,Customer_178,2023-11-12,city_Customer_178,O00272,2024-03-28,Cash On Delivery,1618,P058,3.0,22941.0,Lenovo Ideapad,Smartphone,41597.0
C0178,Customer_178,2023-11-12,city_Customer_178,O00272,2024-03-28,Cash On Delivery,1984,P035,1.0,31684.0,Laptop Bag,Laptop,77306.0
C0179,Customer_179,2023-12-17,city_Customer_179,O00053,2024-02-21,Credit Card,254,P040,0.0,65419.0,Keyboard,Smartphone,43837.91935483871
C0179,Customer_179,2023-12-17,city_Customer_179,O00053,2024-02-21,Credit Card,399,P055,2.0,40760.0,Keyboard,Accessory,40085.583333333336
C0179,Customer_179,2023-12-17,city_Customer_179,O00053,2024-02-21,Credit Card,1104,P017,1.0,53317.0,Keyboard,Smartphone,53396.91025641026
C0179,Customer_179,2023-12-17,city_Customer_179,O00536,2025-01-23,Credit Card,878,P012,3.0,63340.0,Lenovo Ideapad,Accessory,27157.0
C0179,Customer_179,2023-12-17,city_Customer_179,O00536,2025-01-23,Credit Card,1100,P033,0.0,4232.0,Wireless Mouse,Laptop,47453.0
C0179,Customer_179,2023-12-17,city_Customer_179,O00536,2025-01-23,Credit Card,1284,P051,3.0,54184.0,Keyboard,Smart Phone,18522.0
C0179,Customer_179,2023-12-17,city_Customer_179,O00536,2025-01-23,Credit Card,1802,P008,2.0,51763.0,Hp Pavilion,Accessory,38717.39473684211
C0179,Customer_179,2023-12-17,city_Customer_179,O00536,2025-01-23,Credit Card,1968,P033,0.0,42539.0,Wireless Mouse,Laptop,47453.0
C0180,Customer_180,2025-01-16,city_Customer_180,O00152,2024-04-10,Upi,953,P072,1.0,54236.0,Dell Inspiron,Tablet,52421.12765957447
C0180,Customer_180,2025-01-16,city_Customer_180,O00438,2024-05-21,Upi,398,P025,0.0,49252.5,Dell Inspiron,Laptop,84776.0
C0180,Customer_180,2025-01-16,city_Customer_180,O00438,2024-05-21,Upi,1715,P036,2.0,25228.0,Lenovo Ideapad,Tablet,40888.2
C0180,Customer_180,2025-01-16,city_Customer_180,O00442,2024-11-27,Credit Card,237,P074,0.0,83343.0,Samsung Tab,Tablet,51600.791666666664
C0180,Customer_180,2025-01-16,city_Customer_180,O00442,2024-11-27,Credit Card,628,P046,1.0,84208.0,Iphone 13,Accessories,62283.933333333334
C0180,Customer_180,2025-01-16,city_Customer_180,O00442,2024-11-27,Credit Card,942,P077,1.0,36191.5,Wireless Mouse,Smart Phone,39614.833333333336
C0180,Customer_180,2025-01-16,city_Customer_180,O00442,2024-11-27,Credit Card,1543,P055,2.0,31189.0,Keyboard,Accessory,40085.583333333336
C0180,Customer_180,2025-01-16,city_Customer_180,O00704,2025-04-03,Credit Card,1960,P026,3.0,43771.5,Xiaomi Redmi,Laptop,42897.775862068964
C0180,Customer_180,2025-01-16,city_Customer_180,O00756,2024-12-19,Cash On Delivery,415,P035,3.0,40862.0,Laptop Bag,Laptop,77306.0
C0180,Customer_180,2025-01-16,city_Customer_180,O00756,2024-12-19,Cash On Delivery,520,P052,3.0,12513.0,Xiaomi Redmi,Smart Phone,49998.94117647059
C0180,Customer_180,2025-01-16,city_Customer_180,O00756,2024-12-19,Cash On Delivery,831,P009,1.0,59337.0,Iphone 13,Tablet,70582.0
C0180,Customer_180,2025-01-16,city_Customer_180,O01035,2024-04-28,Credit Card,88,P079,1.0,18662.0,Oneplus,Tablet,49850.653846153844
C0180,Customer_180,2025-01-16,city_Customer_180,O01035,2024-04-28,Credit Card,112,P006,2.0,64844.0,Laptop Bag,Tablet,61785.52173913043
C0180,Customer_180,2025-01-16,city_Customer_180,O01035,2024-04-28,Credit Card,113,P057,3.0,61489.0,Lenovo Ideapad,Laptop,27615.0
C0180,Customer_180,2025-01-16,city_Customer_180,O01035,2024-04-28,Credit Card,910,P050,0.0,53856.0,Lenovo Ideapad,Tablet,59514.0
C0180,Customer_180,2025-01-16,city_Customer_180,O01035,2024-04-28,Credit Card,1764,P032,2.0,9582.0,Ipad Air,Tablet,6095.0
C0180,Customer_180,2025-01-16,city_Customer_180,O01088,2024-03-25,Credit Card,1829,P013,2.0,34006.0,Samsung Galaxy,Smart Phone,51735.0
C0181,Customer_181,2023-12-22,city_Customer_181,O00820,2024-08-11,Credit Card,739,P015,2.0,65664.0,Laptop Bag,Smart Phone,76755.0
C0181,Customer_181,2023-12-22,city_Customer_181,O00820,2024-08-11,Credit Card,1378,P033,2.0,20039.0,Wireless Mouse,Laptop,47453.0
C0181,Customer_181,2023-12-22,city_Customer_181,O00820,2024-08-11,Credit Card,1767,P042,4.0,35319.0,Hp Pavilion,Laptop,36647.529411764706
C0183,Customer_183,2025-06-19,city_Customer_183,O00542,2024-06-05,Debit Card,209,P039,0.0,53140.0,Xiaomi Redmi,Accessory,69520.0
C0184,Customer_184,2023-02-26,city_Customer_184,O00307,2024-10-16,Unknown,139,P048,1.0,31645.0,Wireless Mouse,Laptop,47676.0
C0184,Customer_184,2023-02-26,city_Customer_184,O00435,2024-06-04,Cash On Delivery,813,P035,4.0,8783.0,Laptop Bag,Laptop,77306.0
C0184,Customer_184,2023-02-26,city_Customer_184,O00435,2024-06-04,Cash On Delivery,1410,P017,3.0,54245.5,Keyboard,Smartphone,53396.91025641026
C0184,Customer_184,2023-02-26,city_Customer_184,O00435,2024-06-04,Cash On Delivery,1425,P068,0.0,53379.0,Xiaomi Redmi,Tablet,43027.0
C0185,Customer_185,2025-06-10,city_Customer_185,O00034,2024-11-22,Upi,157,P060,2.0,30084.0,Usb Hub,Laptop,31558.076923076922
C0185,Customer_185,2025-06-10,city_Customer_185,O00034,2024-11-22,Upi,1661,P028,3.0,1648.0,Samsung Galaxy,Tablet,35571.85294117647
C0185,Customer_185,2025-06-10,city_Customer_185,O00134,2024-12-31,Credit Card,874,P032,2.0,52315.0,Ipad Air,Tablet,6095.0
C0185,Customer_185,2025-06-10,city_Customer_185,O00134,2024-12-31,Credit Card,1949,P071,2.0,70926.0,Iphone 13,Tablet,65274.0
C0185,Customer_185,2025-06-10,city_Customer_185,O00587,2024-01-08,Credit Card,413,P014,2.0,6682.0,Xiaomi Redmi,Laptop,5475.0
C0185,Customer_185,2025-06-10,city_Customer_185,O00587,2024-01-08,Credit Card,1193,P020,4.0,4575.0,Dell Inspiron,Smartphone,42083.15789473684
C0185,Customer_185,2025-06-10,city_Customer_185,O00906,2024-08-26,Credit Card,400,P006,0.0,64844.0,Laptop Bag,Tablet,61785.52173913043
C0186,Customer_186,2024-09-05,city_Customer_186,O00098,2025-02-16,Debit Card,320,P072,1.0,54236.0,Dell Inspiron,Tablet,52421.12765957447
C0186,Customer_186,2024-09-05,city_Customer_186,O00098,2025-02-16,Debit Card,1472,P008,2.0,37548.5,Hp Pavilion,Accessory,38717.39473684211
C0186,Customer_186,2024-09-05,city_Customer_186,O00098,2025-02-16,Debit Card,1831,P072,1.0,54236.0,Dell Inspiron,Tablet,52421.12765957447
C0186,Customer_186,2024-09-05,city_Customer_186,O01084,2024-04-11,Cash On Delivery,780,P004,0.0,40306.0,Lenovo Tab,Tablet,32011.4
C0186,Customer_186,2024-09-05,city_Customer_186,O01084,2024-04-11,Cash On Delivery,1011,P042,4.0,18216.0,Hp Pavilion,Laptop,36647.529411764706
C0186,Customer_186,2024-09-05,city_Customer_186,O01084,2024-04-11,Cash On Delivery,1985,P039,1.0,52954.0,Xiaomi Redmi,Accessory,69520.0
C0187,Customer_187,2023-02-16,city_Customer_187,O00169,2024-03-26,Debit Card,273,P056,4.0,50794.0,Samsung Galaxy,Smart Phone,49022.142857142855
C0187,Customer_187,2023-02-16,city_Customer_187,O00169,2024-03-26,Debit Card,1181,P069,2.0,38257.0,Usb Hub,Laptop,39186.36842105263
C0187,Customer_187,2023-02-16,city_Customer_187,O00169,2024-03-26,Debit Card,1310,P029,1.0,35095.5,Samsung Galaxy,Accessories,39583.26
C0187,Customer_187,2023-02-16,city_Customer_187,O00248,2024-01-31,Upi,280,P079,2.0,53168.5,Oneplus,Tablet,49850.653846153844
C0187,Customer_187,2023-02-16,city_Customer_187,O00248,2024-01-31,Upi,770,P024,1.0,77289.0,Macbook Air,Smart Phone,37230.45
C0187,Customer_187,2023-02-16,city_Customer_187,O00248,2024-01-31,Upi,829,P072,1.0,75907.0,Dell Inspiron,Tablet,52421.12765957447
C0187,Customer_187,2023-02-16,city_Customer_187,O00248,2024-01-31,Upi,1132,P063,4.0,55126.0,Wireless Mouse,Accessories,49252.851851851854
C0187,Customer_187,2023-02-16,city_Customer_187,O00248,2024-01-31,Upi,1989,P052,2.0,52743.0,Xiaomi Redmi,Smart Phone,49998.94117647059
C0187,Customer_187,2023-02-16,city_Customer_187,O00407,2024-11-13,Cash On Delivery,646,P053,2.0,17936.0,Iphone 13,Accessories,24279.52380952381
C0187,Customer_187,2023-02-16,city_Customer_187,O00407,2024-11-13,Cash On Delivery,870,P079,0.0,57240.0,Oneplus,Tablet,49850.653846153844
C0187,Customer_187,2023-02-16,city_Customer_187,O01062,2024-05-26,Credit Card,591,P053,4.0,78514.0,Iphone 13,Accessories,24279.52380952381
C0188,Customer_188,2023-10-03,city_Customer_188,O00642,2024-06-01,Cash On Delivery,161,P017,3.0,54245.5,Keyboard,Smartphone,53396.91025641026
C0188,Customer_188,2023-10-03,city_Customer_188,O00642,2024-06-01,Cash On Delivery,643,P008,3.0,37548.5,Hp Pavilion,Accessory,38717.39473684211
C0188,Customer_188,2023-10-03,city_Customer_188,O00642,2024-06-01,Cash On Delivery,1063,P065,0.0,27058.0,Dell Inspiron,Smart Phone,58364.0
C0189,Customer_189,2024-01-08,city_Customer_189,O01048,2024-01-08,Unknown,168,P015,1.0,65664.0,Laptop Bag,Smart Phone,76755.0
C0189,Customer_189,2024-01-08,city_Customer_189,O01048,2024-01-08,Unknown,206,P072,1.0,11423.0,Dell Inspiron,Tablet,52421.12765957447
C0189,Customer_189,2024-01-08,city_Customer_189,O01048,2024-01-08,Unknown,786,P063,2.0,56180.0,Wireless Mouse,Accessories,49252.851851851854
C0189,Customer_189,2024-01-08,city_Customer_189,O01048,2024-01-08,Unknown,1322,P066,2.0,23192.0,Samsung Tab,Smart Phone,39443.125
C0189,Customer_189,2024-01-08,city_Customer_189,O01048,2024-01-08,Unknown,1701,P066,2.0,65148.0,Samsung Tab,Smart Phone,39443.125
C0191,Customer_191,2023-08-12,city_Customer_191,O00013,2024-09-03,Debit Card,1159,P044,3.0,14562.0,Oneplus,Tablet,13294.0
C0191,Customer_191,2023-08-12,city_Customer_191,O00013,2024-09-03,Debit Card,1811,P053,2.0,17936.0,Iphone 13,Accessories,24279.52380952381
C0191,Customer_191,2023-08-12,city_Customer_191,O00013,2024-09-03,Debit Card,1889,P032,2.0,52315.0,Ipad Air,Tablet,6095.0
C0191,Customer_191,2023-08-12,city_Customer_191,O00149,2024-03-07,Upi,674,P068,1.0,53379.0,Xiaomi Redmi,Tablet,43027.0
C0191,Customer_191,2023-08-12,city_Customer_191,O00569,2024-02-10,Debit Card,981,P051,3.0,43166.0,Keyboard,Smart Phone,18522.0
C0191,Customer_191,2023-08-12,city_Customer_191,O00569,2024-02-10,Debit Card,1376,P048,4.0,45360.0,Wireless Mouse,Laptop,47676.0
C0192,Customer_192,2023-12-10,city_Customer_192,O00273,2024-04-01,Cash On Delivery,502,P036,3.0,37288.0,Lenovo Ideapad,Tablet,40888.2
C0192,Customer_192,2023-12-10,city_Customer_192,O00273,2024-04-01,Cash On Delivery,1338,P010,1.0,38223.0,Iphone 13,Smart Phone,41625.760869565216
C0193,Customer_193,2023-10-13,city_Customer_193,O00240,2025-08-05,Unknown,990,P039,2.0,53140.0,Xiaomi Redmi,Accessory,69520.0
C0193,Customer_193,2023-10-13,city_Customer_193,O00240,2025-08-05,Unknown,1089,P019,0.0,38300.0,Samsung Galaxy,Smartphone,40344.217391304344
C0193,Customer_193,2023-10-13,city_Customer_193,O00936,2024-11-05,Upi,1271,P074,2.0,51444.0,Samsung Tab,Tablet,51600.791666666664
C0193,Customer_193,2023-10-13,city_Customer_193,O00936,2024-11-05,Upi,1402,P013,0.0,30560.0,Samsung Galaxy,Smart Phone,51735.0
C0194,Customer_194,2023-09-12,city_Customer_194,O00097,2024-04-18,Upi,238,P077,4.0,26396.0,Wireless Mouse,Smart Phone,39614.833333333336
C0194,Customer_194,2023-09-12,city_Customer_194,O00097,2024-04-18,Upi,897,P066,4.0,42949.0,Samsung Tab,Smart Phone,39443.125
C0194,Customer_194,2023-09-12,city_Customer_194,O00097,2024-04-18,Upi,1168,P046,3.0,9098.0,Iphone 13,Accessories,62283.933333333334
C0194,Customer_194,2023-09-12,city_Customer_194,O00097,2024-04-18,Upi,1299,P032,4.0,52315.0,Ipad Air,Tablet,6095.0
C0196,Customer_196,2023-05-28,city_Customer_196,O00746,2024-06-23,Credit Card,227,P002,4.0,83748.0,Samsung Tab,Smartphone,68660.0
C0196,Customer_196,2023-05-28,city_Customer_196,O00746,2024-06-23,Credit Card,1521,P072,4.0,76123.0,Dell Inspiron,Tablet,52421.12765957447
C0196,Customer_196,2023-05-28,city_Customer_196,O00857,2024-04-02,Cash On Delivery,2,P010,1.0,38223.0,Iphone 13,Smart Phone,41625.760869565216
C0197,Customer_197,2024-02-08,city_Customer_197,O00155,2024-10-25,Credit Card,210,P061,0.0,86125.0,Lenovo Tab,Tablet,41829.80952380953
C0197,Customer_197,2024-02-08,city_Customer_197,O00155,2024-10-25,Credit Card,433,P059,0.0,30040.0,Oneplus,Accessories,33875.24324324324
C0197,Customer_197,2024-02-08,city_Customer_197,O00155,2024-10-25,Credit Card,746,P031,1.0,57914.5,Samsung Tab,Accessories,57484.28571428572
C0197,Customer_197,2024-02-08,city_Customer_197,O00155,2024-10-25,Credit Card,1146,P014,2.0,28858.5,Xiaomi Redmi,Laptop,5475.0
C0197,Customer_197,2024-02-08,city_Customer_197,O00950,2025-04-06,Credit Card,1629,P079,2.0,53168.5,Oneplus,Tablet,49850.653846153844
C0197,Customer_197,2024-02-08,city_Customer_197,O01195,2024-05-14,Upi,1161,P020,0.0,42154.0,Dell Inspiron,Smartphone,42083.15789473684
C0198,Customer_197,2024-10-06,city_Customer_197,O00295,2024-02-03,Debit Card,164,P057,0.0,33764.0,Lenovo Ideapad,Laptop,27615.0
C0198,Customer_197,2024-10-06,city_Customer_197,O00295,2024-02-03,Debit Card,301,P070,2.0,31917.0,Ipad Air,Tablet,33141.25
C0198,Customer_197,2024-10-06,city_Customer_197,O00295,2024-02-03,Debit Card,1686,P029,0.0,35095.5,Samsung Galaxy,Accessories,39583.26
C0198,Customer_197,2024-10-06,city_Customer_197,O00900,2024-08-11,Debit Card,278,P072,2.0,54236.0,Dell Inspiron,Tablet,52421.12765957447
C0198,Customer_197,2024-10-06,city_Customer_197,O00900,2024-08-11,Debit Card,323,P042,4.0,62359.0,Hp Pavilion,Laptop,36647.529411764706
C0198,Customer_197,2024-10-06,city_Customer_197,O00900,2024-08-11,Debit Card,490,P014,3.0,73092.0,Xiaomi Redmi,Laptop,5475.0
C0198,Customer_197,2024-10-06,city_Customer_197,O00900,2024-08-11,Debit Card,1772,P058,0.0,24413.0,Lenovo Ideapad,Smartphone,41597.0
C0199,Customer_199,2024-06-25,city_Customer_199,O00748,2024-02-09,Upi,787,P003,2.0,47111.0,Hp Pavilion,Accessories,40489.0
C0199,Customer_199,2024-06-25,city_Customer_199,O00748,2024-02-09,Upi,1777,P049,0.0,28217.0,Wireless Mouse,Smartphone,61022.0
C0199,Customer_199,2024-06-25,city_Customer_199,O00847,2025-03-29,Cash On Delivery,253,P076,4.0,32169.0,Wireless Mouse,Accessory,15249.0
C0200,Customer_200,2024-11-04,city_Customer_200,O00612,2025-04-28,Debit Card,963,P079,1.0,53168.5,Oneplus,Tablet,49850.653846153844
C0200,Customer_200,2024-11-04,city_Customer_200,O00612,2025-04-28,Debit Card,988,P060,1.0,11160.0,Usb Hub,Laptop,31558.076923076922
C0200,Customer_200,2024-11-04,city_Customer_200,O00612,2025-04-28,Debit Card,1642,P052,2.0,52743.0,Xiaomi Redmi,Smart Phone,49998.94117647059
C0200,Customer_200,2024-11-04,city_Customer_200,O00612,2025-04-28,Debit Card,1681,P003,2.0,40345.0,Hp Pavilion,Accessories,40489.0
C0201,Customer_201,2024-02-03,city_Customer_201,O00366,2024-08-28,Cash On Delivery,793,P004,3.0,26159.0,Lenovo Tab,Tablet,32011.4
C0201,Customer_201,2024-02-03,city_Customer_201,O00366,2024-08-28,Cash On Delivery,1411,P055,3.0,40760.0,Keyboard,Accessory,40085.583333333336
C0201,Customer_201,2024-02-03,city_Customer_201,O01134,2025-04-17,Credit Card,12,P076,3.0,74274.0,Wireless Mouse,Accessory,15249.0
C0201,Customer_201,2024-02-03,city_Customer_201,O01134,2025-04-17,Credit Card,46,P017,0.0,54245.5,Keyboard,Smartphone,53396.91025641026
C0201,Customer_201,2024-02-03,city_Customer_201,O01134,2025-04-17,Credit Card,261,P002,4.0,83322.0,Samsung Tab,Smartphone,68660.0
C0202,Customer_202,2024-05-21,city_Customer_202,O00253,2024-03-30,Debit Card,208,P052,4.0,52743.0,Xiaomi Redmi,Smart Phone,49998.94117647059
C0202,Customer_202,2024-05-21,city_Customer_202,O00253,2024-03-30,Debit Card,1088,P019,2.0,29779.0,Samsung Galaxy,Smartphone,40344.217391304344
C0202,Customer_202,2024-05-21,city_Customer_202,O00253,2024-03-30,Debit Card,1301,P010,4.0,60785.0,Iphone 13,Smart Phone,41625.760869565216
C0202,Customer_202,2024-05-21,city_Customer_202,O00253,2024-03-30,Debit Card,1522,P025,2.0,42362.0,Dell Inspiron,Laptop,84776.0
C0202,Customer_202,2024-05-21,city_Customer_202,O00335,2024-02-26,Debit Card,42,P015,3.0,58610.0,Laptop Bag,Smart Phone,76755.0
C0202,Customer_202,2024-05-21,city_Customer_202,O00335,2024-02-26,Debit Card,1891,P014,0.0,28858.5,Xiaomi Redmi,Laptop,5475.0
C0203,Customer_203,2024-09-25,city_Customer_203,O00025,2024-09-10,Credit Card,1044,P048,2.0,31645.0,Wireless Mouse,Laptop,47676.0
C0203,Customer_203,2024-09-25,city_Customer_203,O00025,2024-09-10,Credit Card,1608,P062,1.0,13145.0,Dell Inspiron,Tablet,44048.24444444444
C0203,Customer_203,2024-09-25,city_Customer_203,O00630,2024-05-25,Credit Card,1941,P008,1.0,37548.5,Hp Pavilion,Accessory,38717.39473684211
C0203,Customer_203,2024-09-25,city_Customer_203,O01050,2024-08-29,Credit Card,806,P047,4.0,11652.0,Oneplus,Smart Phone,33791.0
C0203,Customer_203,2024-09-25,city_Customer_203,O01085,2024-07-03,Cash On Delivery,839,P032,3.0,52315.0,Ipad Air,Tablet,6095.0
C0203,Customer_203,2024-09-25,city_Customer_203,O01085,2024-07-03,Cash On Delivery,1568,P004,2.0,6621.0,Lenovo Tab,Tablet,32011.4
C0204,Customer_204,2025-04-24,city_Customer_204,O01190,2024-07-27,Debit Card,482,P007,4.0,85492.0,Hp Pavilion,Accessories,57956.333333333336
C0205,Customer_205,2024-10-04,city_Customer_205,O00565,2024-12-30,Unknown,1651,P006,2.0,64844.0,Laptop Bag,Tablet,61785.52173913043
C0205,Customer_205,2024-10-04,city_Customer_205,O00565,2024-12-30,Unknown,1883,P058,1.0,30080.0,Lenovo Ideapad,Smartphone,41597.0
C0206,Customer_206,2025-04-11,city_Customer_206,O00109,2024-02-04,Upi,542,P021,2.0,76518.0,Laptop Bag,Laptop,42623.545454545456
C0206,Customer_206,2025-04-11,city_Customer_206,O00109,2024-02-04,Upi,960,P009,2.0,59337.0,Iphone 13,Tablet,70582.0
C0207,Customer_207,2025-02-09,city_Customer_207,O00609,2024-12-03,Debit Card,11,P006,3.0,12037.0,Laptop Bag,Tablet,61785.52173913043
C0207,Customer_207,2025-02-09,city_Customer_207,O00609,2024-12-03,Debit Card,100,P048,1.0,31645.0,Wireless Mouse,Laptop,47676.0
C0207,Customer_207,2025-02-09,city_Customer_207,O01036,2025-05-14,Upi,1957,P029,0.0,17249.0,Samsung Galaxy,Accessories,39583.26
C0209,Customer_209,2024-11-30,city_Customer_209,O00044,2024-01-12,Upi,410,P044,2.0,51790.5,Oneplus,Tablet,13294.0
C0209,Customer_209,2024-11-30,city_Customer_209,O00044,2024-01-12,Upi,1796,P014,2.0,28858.5,Xiaomi Redmi,Laptop,5475.0
C0209,Customer_209,2024-11-30,city_Customer_209,O00044,2024-01-12,Upi,1812,P008,1.0,37548.5,Hp Pavilion,Accessory,38717.39473684211
C0209,Customer_209,2024-11-30,city_Customer_209,O00478,2024-06-15,Debit Card,44,P050,2.0,53856.0,Lenovo Ideapad,Tablet,59514.0
C0209,Customer_209,2024-11-30,city_Customer_209,O00478,2024-06-15,Debit Card,59,P002,1.0,87951.0,Samsung Tab,Smartphone,68660.0
C0209,Customer_209,2024-11-30,city_Customer_209,O00478,2024-06-15,Debit Card,1525,P003,1.0,40345.0,Hp Pavilion,Accessories,40489.0
C0209,Customer_209,2024-11-30,city_Customer_209,O00584,2025-03-25,Upi,1149,P054,0.0,49038.0,Laptop Bag,Smartphone,34450.0
C0209,Customer_209,2024-11-30,city_Customer_209,O00646,2024-04-11,Cash On Delivery,678,P036,2.0,35088.0,Lenovo Ideapad,Tablet,40888.2
C0209,Customer_209,2024-11-30,city_Customer_209,O00646,2024-04-11,Cash On Delivery,934,P029,4.0,58030.0,Samsung Galaxy,Accessories,39583.26
C0210,Customer_210,2023-08-24,city_Customer_210,O00527,2024-09-27,Cash On Delivery,866,P039,4.0,29153.0,Xiaomi Redmi,Accessory,69520.0
C0210,Customer_210,2023-08-24,city_Customer_210,O01144,2024-08-22,Debit Card,232,P008,3.0,37548.5,Hp Pavilion,Accessory,38717.39473684211
C0212,Customer_212,2024-01-21,city_Customer_212,O00590,2024-09-21,Unknown,1896,P017,0.0,77242.0,Keyboard,Smartphone,53396.91025641026
C0213,Customer_213,2023-02-21,city_Customer_213,O00575,2024-10-01,Cash On Delivery,231,P032,4.0,52315.0,Ipad Air,Tablet,6095.0
C0213,Customer_213,2023-02-21,city_Customer_213,O00575,2024-10-01,Cash On Delivery,245,P015,2.0,65664.0,Laptop Bag,Smart Phone,76755.0
C0213,Customer_213,2023-02-21,city_Customer_213,O00575,2024-10-01,Cash On Delivery,1814,P080,0.0,80491.0,Oneplus,Laptop,82478.0
C0214,Customer_214,2024-06-28,city_Customer_214,O00792,2024-01-13,Unknown,1435,P057,0.0,33764.0,Lenovo Ideapad,Laptop,27615.0
C0214,Customer_214,2024-06-28,city_Customer_214,O00792,2024-01-13,Unknown,1928,P028,4.0,58938.0,Samsung Galaxy,Tablet,35571.85294117647
C0214,Customer_214,2024-06-28,city_Customer_214,O00793,2024-03-03,Credit Card,126,P052,4.0,62219.0,Xiaomi Redmi,Smart Phone,49998.94117647059
C0214,Customer_214,2024-06-28,city_Customer_214,O00834,2025-02-15,Cash On Delivery,1231,P046,1.0,71194.0,Iphone 13,Accessories,62283.933333333334
C0215,Customer_215,2023-09-28,city_Customer_215,O00823,2024-11-24,Credit Card,40,P023,1.0,56996.0,Lenovo Tab,Tablet,48549.107142857145
C0215,Customer_215,2023-09-28,city_Customer_215,O00823,2024-11-24,Credit Card,694,P039,2.0,53140.0,Xiaomi Redmi,Accessory,69520.0
C0215,Customer_215,2023-09-28,city_Customer_215,O00823,2024-11-24,Credit Card,1619,P036,2.0,37288.0,Lenovo Ideapad,Tablet,40888.2
C0216,Customer_215,2025-02-05,city_Customer_215,O00456,2024-03-14,Upi,1627,P074,4.0,51444.0,Samsung Tab,Tablet,51600.791666666664
C0216,Customer_215,2025-02-05,city_Customer_215,O00605,2024-12-01,Upi,155,P023,4.0,47118.0,Lenovo Tab,Tablet,48549.107142857145
C0216,Customer_215,2025-02-05,city_Customer_215,O00605,2024-12-01,Upi,329,P026,0.0,43771.5,Xiaomi Redmi,Laptop,42897.775862068964
C0216,Customer_215,2025-02-05,city_Customer_215,O00605,2024-12-01,Upi,570,P045,4.0,53419.5,Lenovo Tab,Laptop,50316.055555555555
C0216,Customer_215,2025-02-05,city_Customer_215,O00605,2024-12-01,Upi,1730,P001,0.0,37769.0,Lenovo Ideapad,Tablet,28151.0
C0217,Customer_217,2023-04-05,city_Customer_217,O00141,2024-10-13,Debit Card,272,P073,4.0,59778.0,Lenovo Tab,Accessory,3393.0
C0217,Customer_217,2023-04-05,city_Customer_217,O00141,2024-10-13,Debit Card,1808,P044,4.0,80615.0,Oneplus,Tablet,13294.0
C0217,Customer_217,2023-04-05,city_Customer_217,O00412,2024-03-27,Unknown,214,P052,0.0,75650.0,Xiaomi Redmi,Smart Phone,49998.94117647059
C0217,Customer_217,2023-04-05,city_Customer_217,O00412,2024-03-27,Unknown,563,P077,0.0,36191.5,Wireless Mouse,Smart Phone,39614.833333333336
C0217,Customer_217,2023-04-05,city_Customer_217,O00412,2024-03-27,Unknown,1407,P002,2.0,59279.0,Samsung Tab,Smartphone,68660.0
C0217,Customer_217,2023-04-05,city_Customer_217,O00412,2024-03-27,Unknown,1695,P080,2.0,56159.0,Oneplus,Laptop,82478.0
C0217,Customer_217,2023-04-05,city_Customer_217,O00589,2024-09-30,Credit Card,3,P007,2.0,77415.0,Hp Pavilion,Accessories,57956.333333333336
C0217,Customer_217,2023-04-05,city_Customer_217,O00589,2024-09-30,Credit Card,941,P025,4.0,49252.5,Dell Inspiron,Laptop,84776.0
C0218,Customer_218,2025-02-02,city_Customer_218,O00268,2025-05-01,Credit Card,1593,P054,2.0,68910.0,Laptop Bag,Smartphone,34450.0
C0218,Customer_218,2025-02-02,city_Customer_218,O00472,2024-06-14,Upi,406,P062,3.0,43803.0,Dell Inspiron,Tablet,44048.24444444444
C0218,Customer_218,2025-02-02,city_Customer_218,O00472,2024-06-14,Upi,717,P037,4.0,67159.0,Iphone 13,Laptop,2571.0
C0218,Customer_218,2025-02-02,city_Customer_218,O00818,2024-04-21,Upi,714,P043,0.0,32759.5,Usb Hub,Accessory,35204.98387096774
C0218,Customer_218,2025-02-02,city_Customer_218,O00818,2024-04-21,Upi,1209,P010,2.0,6954.0,Iphone 13,Smart Phone,41625.760869565216
C0218,Customer_218,2025-02-02,city_Customer_218,O00863,2024-02-21,Unknown,63,P012,3.0,51743.0,Lenovo Ideapad,Accessory,27157.0
C0218,Customer_218,2025-02-02,city_Customer_218,O00863,2024-02-21,Unknown,94,P079,2.0,53168.5,Oneplus,Tablet,49850.653846153844
C0218,Customer_218,2025-02-02,city_Customer_218,O00863,2024-02-21,Unknown,265,P064,0.0,57795.5,Lenovo Ideapad,Accessories,81129.0
C0218,Customer_218,2025-02-02,city_Customer_218,O00863,2024-02-21,Unknown,979,P003,1.0,40345.0,Hp Pavilion,Accessories,40489.0
C0218,Customer_218,2025-02-02,city_Customer_218,O00863,2024-02-21,Unknown,1257,P024,1.0,74329.0,Macbook Air,Smart Phone,37230.45
C0218,Customer_218,2025-02-02,city_Customer_218,O00863,2024-02-21,Unknown,1406,P028,2.0,36853.5,Samsung Galaxy,Tablet,35571.85294117647
C0218,Customer_218,2025-02-02,city_Customer_218,O00863,2024-02-21,Unknown,1463,P048,2.0,46431.0,Wireless Mouse,Laptop,47676.0
C0218,Customer_218,2025-02-02,city_Customer_218,O00863,2024-02-21,Unknown,1482,P060,0.0,30084.0,Usb Hub,Laptop,31558.076923076922
C0218,Customer_218,2025-02-02,city_Customer_218,O00863,2024-02-21,Unknown,1639,P077,3.0,43889.0,Wireless Mouse,Smart Phone,39614.833333333336
C0218,Customer_218,2025-02-02,city_Customer_218,O00863,2024-02-21,Unknown,1749,P061,2.0,41497.0,Lenovo Tab,Tablet,41829.80952380953
C0218,Customer_218,2025-02-02,city_Customer_218,O00880,2024-11-14,Credit Card,704,P045,4.0,66547.0,Lenovo Tab,Laptop,50316.055555555555
C0218,Customer_218,2025-02-02,city_Customer_218,O00880,2024-11-14,Credit Card,889,P074,2.0,39530.0,Samsung Tab,Tablet,51600.791666666664
C0218,Customer_218,2025-02-02,city_Customer_218,O00880,2024-11-14,Credit Card,893,P049,2.0,68172.0,Wireless Mouse,Smartphone,61022.0
C0218,Customer_218,2025-02-02,city_Customer_218,O01131,2024-02-20,Unknown,1280,P020,0.0,42154.0,Dell Inspiron,Smartphone,42083.15789473684
C0218,Customer_218,2025-02-02,city_Customer_218,O01131,2024-02-20,Unknown,1687,P052,2.0,35419.0,Xiaomi Redmi,Smart Phone,49998.94117647059
C0219,Customer_219,2025-04-08,city_Customer_219,O00106,2024-05-13,Cash On Delivery,120,P074,1.0,35561.0,Samsung Tab,Tablet,51600.791666666664
C0219,Customer_219,2025-04-08,city_Customer_219,O00106,2024-05-13,Cash On Delivery,1623,P036,2.0,58708.0,Lenovo Ideapad,Tablet,40888.2
C0219,Customer_219,2025-04-08,city_Customer_219,O00718,2024-06-22,Upi,1009,P052,1.0,14892.0,Xiaomi Redmi,Smart Phone,49998.94117647059
C0219,Customer_219,2025-04-08,city_Customer_219,O00718,2024-06-22,Upi,1569,P035,4.0,40862.0,Laptop Bag,Laptop,77306.0
C0220,Customer_220,2023-08-29,city_Customer_220,O00598,2024-03-18,Credit Card,691,P068,3.0,50042.0,Xiaomi Redmi,Tablet,43027.0
C0220,Customer_220,2023-08-29,city_Customer_220,O00598,2024-03-18,Credit Card,1518,P058,1.0,24413.0,Lenovo Ideapad,Smartphone,41597.0
C0220,Customer_220,2023-08-29,city_Customer_220,O00721,2024-10-20,Debit Card,1598,P018,3.0,48708.5,Dell Inspiron,Laptop,50919.833333333336
C0220,Customer_220,2023-08-29,city_Customer_220,O01112,2024-02-03,Debit Card,224,P043,3.0,32759.5,Usb Hub,Accessory,35204.98387096774
C0221,Customer_221,2023-08-25,city_Customer_221,O00564,2024-10-15,Upi,440,P039,0.0,53140.0,Xiaomi Redmi,Accessory,69520.0
C0221,Customer_221,2023-08-25,city_Customer_221,O00564,2024-10-15,Upi,673,P076,2.0,82299.0,Wireless Mouse,Accessory,15249.0
C0221,Customer_221,2023-08-25,city_Customer_221,O00564,2024-10-15,Upi,1228,P052,3.0,56322.0,Xiaomi Redmi,Smart Phone,49998.94117647059
C0222,Customer_222,2024-05-20,city_Customer_222,O00554,2025-04-24,Upi,195,P076,0.0,37413.0,Wireless Mouse,Accessory,15249.0
C0222,Customer_222,2024-05-20,city_Customer_222,O00554,2025-04-24,Upi,382,P043,2.0,32759.5,Usb Hub,Accessory,35204.98387096774
C0222,Customer_222,2024-05-20,city_Customer_222,O00554,2025-04-24,Upi,1180,P078,1.0,53426.0,Usb Hub,Accessory,70378.0
C0222,Customer_222,2024-05-20,city_Customer_222,O00554,2025-04-24,Upi,1893,P006,3.0,64844.0,Laptop Bag,Tablet,61785.52173913043
C0222,Customer_222,2024-05-20,city_Customer_222,O01042,2024-05-10,Cash On Delivery,567,P063,2.0,31275.0,Wireless Mouse,Accessories,49252.851851851854
C0222,Customer_222,2024-05-20,city_Customer_222,O01042,2024-05-10,Cash On Delivery,730,P031,2.0,80887.0,Samsung Tab,Accessories,57484.28571428572
C0222,Customer_222,2024-05-20,city_Customer_222,O01042,2024-05-10,Cash On Delivery,1582,P059,1.0,11925.0,Oneplus,Accessories,33875.24324324324
C0222,Customer_222,2024-05-20,city_Customer_222,O01042,2024-05-10,Cash On Delivery,1727,P040,0.0,41485.5,Keyboard,Smartphone,43837.91935483871
C0222,Customer_222,2024-05-20,city_Customer_222,O01042,2024-05-10,Cash On Delivery,1880,P046,2.0,77952.0,Iphone 13,Accessories,62283.933333333334
C0222,Customer_222,2024-05-20,city_Customer_222,O01169,2024-07-30,Upi,60,P060,2.0,30084.0,Usb Hub,Laptop,31558.076923076922
C0222,Customer_222,2024-05-20,city_Customer_222,O01169,2024-07-30,Upi,1418,P041,2.0,10707.0,Laptop Bag,Smart Phone,42118.0
C0222,Customer_222,2024-05-20,city_Customer_222,O01169,2024-07-30,Upi,1447,P006,2.0,46204.0,Laptop Bag,Tablet,61785.52173913043
C0225,Customer_224,2024-10-20,city_Customer_224,O01061,2024-06-23,Cash On Delivery,279,P049,2.0,70309.0,Wireless Mouse,Smartphone,61022.0
C0225,Customer_224,2024-10-20,city_Customer_224,O01061,2024-06-23,Cash On Delivery,915,P019,3.0,38300.0,Samsung Galaxy,Smartphone,40344.217391304344
C0227,Customer_227,2025-01-31,city_Customer_227,O00314,2024-05-23,Upi,171,P016,1.0,69521.0,Ipad Air,Smart Phone,37730.5
C0227,Customer_227,2025-01-31,city_Customer_227,O01129,2024-03-23,Debit Card,20,P069,3.0,38257.0,Usb Hub,Laptop,39186.36842105263
C0227,Customer_227,2025-01-31,city_Customer_227,O01129,2024-03-23,Debit Card,1176,P051,4.0,43166.0,Keyboard,Smart Phone,18522.0
C0228,Customer_228,2024-08-04,city_Customer_228,O00963,2024-08-18,Unknown,1524,P060,2.0,30084.0,Usb Hub,Laptop,31558.076923076922
C0229,Customer_229,2023-03-04,city_Customer_229,O00601,2024-12-01,Upi,1933,P042,2.0,35410.0,Hp Pavilion,Laptop,36647.529411764706
C0229,Customer_229,2023-03-04,city_Customer_229,O00840,2024-02-01,Debit Card,912,P010,1.0,53068.0,Iphone 13,Smart Phone,41625.760869565216
C0229,Customer_229,2023-03-04,city_Customer_229,O01189,2024-04-12,Upi,1903,P010,0.0,38223.0,Iphone 13,Smart Phone,41625.760869565216
C0230,Customer_230,2023-04-12,city_Customer_230,O01128,2024-08-05,Upi,602,P052,4.0,21644.0,Xiaomi Redmi,Smart Phone,49998.94117647059
C0230,Customer_230,2023-04-12,city_Customer_230,O01128,2024-08-05,Upi,1016,P064,1.0,57795.5,Lenovo Ideapad,Accessories,81129.0
C0230,Customer_230,2023-04-12,city_Customer_230,O01157,2024-02-22,Upi,726,P017,1.0,54245.5,Keyboard,Smartphone,53396.91025641026
C0230,Customer_230,2023-04-12,city_Customer_230,O01157,2024-02-22,Upi,1377,P059,1.0,24694.0,Oneplus,Accessories,33875.24324324324
C0230,Customer_230,2023-04-12,city_Customer_230,O01157,2024-02-22,Upi,1438,P063,3.0,55126.0,Wireless Mouse,Accessories,49252.851851851854
C0230,Customer_230,2023-04-12,city_Customer_230,O01157,2024-02-22,Upi,1652,P074,1.0,32639.0,Samsung Tab,Tablet,51600.791666666664
C0232,Customer_232,2023-10-20,city_Customer_232,O00381,2024-10-04,Upi,49,P030,4.0,77807.0,Laptop Bag,Accessory,44051.0
C0232,Customer_232,2023-10-20,city_Customer_232,O00381,2024-10-04,Upi,177,P034,2.0,21109.0,Laptop Bag,Laptop,37213.31578947369
C0232,Customer_232,2023-10-20,city_Customer_232,O00742,2024-12-07,Cash On Delivery,894,P025,1.0,49252.5,Dell Inspiron,Laptop,84776.0
C0233,Customer_233,2025-02-24,city_Customer_233,O00179,2024-03-16,Unknown,1384,P078,1.0,46377.0,Usb Hub,Accessory,70378.0
C0233,Customer_233,2025-02-24,city_Customer_233,O00179,2024-03-16,Unknown,1587,P016,4.0,36124.0,Ipad Air,Smart Phone,37730.5
C0233,Customer_233,2025-02-24,city_Customer_233,O00377,2024-04-02,Upi,500,P071,3.0,36132.5,Iphone 13,Tablet,65274.0
C0233,Customer_233,2025-02-24,city_Customer_233,O00377,2024-04-02,Upi,1485,P043,2.0,32759.5,Usb Hub,Accessory,35204.98387096774
C0233,Customer_233,2025-02-24,city_Customer_233,O00610,2024-10-23,Upi,427,P001,4.0,32938.0,Lenovo Ideapad,Tablet,28151.0
C0233,Customer_233,2025-02-24,city_Customer_233,O00873,2024-01-09,Unknown,1125,P063,3.0,55180.0,Wireless Mouse,Accessories,49252.851851851854
C0233,Customer_233,2025-02-24,city_Customer_233,O00873,2024-01-09,Unknown,1403,P003,3.0,40345.0,Hp Pavilion,Accessories,40489.0
C0233,Customer_233,2025-02-24,city_Customer_233,O00873,2024-01-09,Unknown,1819,P007,0.0,20482.0,Hp Pavilion,Accessories,57956.333333333336
C0233,Customer_233,2025-02-24,city_Customer_233,O00993,2024-01-07,Cash On Delivery,993,P010,1.0,38223.0,Iphone 13,Smart Phone,41625.760869565216
C0233,Customer_233,2025-02-24,city_Customer_233,O00993,2024-01-07,Cash On Delivery,1096,P006,1.0,76911.0,Laptop Bag,Tablet,61785.52173913043
C0233,Customer_233,2025-02-24,city_Customer_233,O00993,2024-01-07,Cash On Delivery,1367,P052,4.0,52743.0,Xiaomi Redmi,Smart Phone,49998.94117647059
C0235,Customer_235,2024-04-29,city_Customer_235,O00238,2024-02-20,Cash On Delivery,366,P076,0.0,42292.0,Wireless Mouse,Accessory,15249.0
C0235,Customer_235,2024-04-29,city_Customer_235,O00238,2024-02-20,Cash On Delivery,932,P058,4.0,40604.0,Lenovo Ideapad,Smartphone,41597.0
C0235,Customer_235,2024-04-29,city_Customer_235,O00238,2024-02-20,Cash On Delivery,1641,P017,3.0,48128.0,Keyboard,Smartphone,53396.91025641026
C0235,Customer_235,2024-04-29,city_Customer_235,O00634,2024-02-14,Credit Card,651,P007,0.0,61681.0,Hp Pavilion,Accessories,57956.333333333336
C0235,Customer_235,2024-04-29,city_Customer_235,O00634,2024-02-14,Credit Card,1423,P061,0.0,10258.0,Lenovo Tab,Tablet,41829.80952380953
C0235,Customer_235,2024-04-29,city_Customer_235,O00939,2024-06-08,Unknown,1758,P015,1.0,62680.0,Laptop Bag,Smart Phone,76755.0
C0235,Customer_235,2024-04-29,city_Customer_235,O00948,2025-01-05,Credit Card,557,P010,4.0,17209.0,Iphone 13,Smart Phone,41625.760869565216
C0235,Customer_235,2024-04-29,city_Customer_235,O00948,2025-01-05,Credit Card,654,P031,3.0,57914.5,Samsung Tab,Accessories,57484.28571428572
C0237,Customer_237,2023-10-03,city_Customer_237,O00811,2024-05-10,Cash On Delivery,162,P019,0.0,38300.0,Samsung Galaxy,Smartphone,40344.217391304344
C0237,Customer_237,2023-10-03,city_Customer_237,O00811,2024-05-10,Cash On Delivery,1523,P058,3.0,2885.0,Lenovo Ideapad,Smartphone,41597.0
C0238,Customer_238,2023-03-18,city_Customer_238,O00559,2025-01-14,Cash On Delivery,347,P009,2.0,73525.0,Iphone 13,Tablet,70582.0
C0238,Customer_238,2023-03-18,city_Customer_238,O00559,2025-01-14,Cash On Delivery,1094,P068,2.0,53379.0,Xiaomi Redmi,Tablet,43027.0
C0238,Customer_238,2023-03-18,city_Customer_238,O00559,2025-01-14,Cash On Delivery,1503,P067,2.0,85858.0,Usb Hub,Smartphone,33419.208333333336
C0238,Customer_238,2023-03-18,city_Customer_238,O00559,2025-01-14,Cash On Delivery,1546,P065,0.0,27083.0,Dell Inspiron,Smart Phone,58364.0
C0238,Customer_238,2023-03-18,city_Customer_238,O01133,2024-11-30,Unknown,118,P024,4.0,34391.5,Macbook Air,Smart Phone,37230.45
C0238,Customer_238,2023-03-18,city_Customer_238,O01133,2024-11-30,Unknown,269,P061,2.0,47054.0,Lenovo Tab,Tablet,41829.80952380953
C0238,Customer_238,2023-03-18,city_Customer_238,O01133,2024-11-30,Unknown,1008,P037,2.0,49374.0,Iphone 13,Laptop,2571.0
C0238,Customer_238,2023-03-18,city_Customer_238,O01133,2024-11-30,Unknown,1466,P038,2.0,89418.0,Xiaomi Redmi,Laptop,53205.84210526316
C0238,Customer_238,2023-03-18,city_Customer_238,O01133,2024-11-30,Unknown,1501,P059,3.0,30040.0,Oneplus,Accessories,33875.24324324324
C0239,Customer_239,2025-02-04,city_Customer_239,O00095,2024-07-22,Debit Card,579,P074,3.0,3409.0,Samsung Tab,Tablet,51600.791666666664
C0239,Customer_239,2025-02-04,city_Customer_239,O00596,2025-03-23,Cash On Delivery,334,P067,1.0,77444.0,Usb Hub,Smartphone,33419.208333333336
C0239,Customer_239,2025-02-04,city_Customer_239,O00596,2025-03-23,Cash On Delivery,426,P017,4.0,55174.0,Keyboard,Smartphone,53396.91025641026
C0239,Customer_239,2025-02-04,city_Customer_239,O00596,2025-03-23,Cash On Delivery,2000,P010,2.0,33991.0,Iphone 13,Smart Phone,41625.760869565216
C0240,Customer_240,2023-05-16,city_Customer_240,O00022,2024-05-04,Cash On Delivery,181,P016,2.0,3183.0,Ipad Air,Smart Phone,37730.5
C0240,Customer_240,2023-05-16,city_Customer_240,O00022,2024-05-04,Cash On Delivery,1109,P003,1.0,14054.0,Hp Pavilion,Accessories,40489.0
C0240,Customer_240,2023-05-16,city_Customer_240,O00022,2024-05-04,Cash On Delivery,1274,P041,2.0,23536.0,Laptop Bag,Smart Phone,42118.0
C0240,Customer_240,2023-05-16,city_Customer_240,O00638,2024-05-04,Upi,1838,P026,0.0,43771.5,Xiaomi Redmi,Laptop,42897.775862068964
C0240,Customer_240,2023-05-16,city_Customer_240,O00870,2025-01-30,Credit Card,1150,P013,3.0,30560.0,Samsung Galaxy,Smart Phone,51735.0
C0240,Customer_240,2023-05-16,city_Customer_240,O00870,2025-01-30,Credit Card,1929,P010,1.0,30058.0,Iphone 13,Smart Phone,41625.760869565216
C0241,Customer_241,2024-06-04,city_Customer_241,O00520,2025-02-26,Cash On Delivery,589,P011,1.0,49358.0,Lenovo Ideapad,Accessories,50263.19047619047
C0241,Customer_241,2024-06-04,city_Customer_241,O00520,2025-02-26,Cash On Delivery,1878,P026,0.0,28233.0,Xiaomi Redmi,Laptop,42897.775862068964
C0241,Customer_241,2024-06-04,city_Customer_241,O00851,2024-05-24,Unknown,50,P016,1.0,75924.0,Ipad Air,Smart Phone,37730.5
C0241,Customer_241,2024-06-04,city_Customer_241,O00851,2024-05-24,Unknown,772,P003,2.0,35218.0,Hp Pavilion,Accessories,40489.0
C0241,Customer_241,2024-06-04,city_Customer_241,O00851,2024-05-24,Unknown,1029,P076,2.0,65523.0,Wireless Mouse,Accessory,15249.0
C0241,Customer_241,2024-06-04,city_Customer_241,O00851,2024-05-24,Unknown,1813,P035,3.0,40862.0,Laptop Bag,Laptop,77306.0
C0242,Customer_242,2024-12-21,city_Customer_242,O00321,2024-05-10,Credit Card,845,P065,4.0,27083.0,Dell Inspiron,Smart Phone,58364.0
C0242,Customer_242,2024-12-21,city_Customer_242,O00720,2024-10-22,Cash On Delivery,1013,P062,1.0,43803.0,Dell Inspiron,Tablet,44048.24444444444
C0242,Customer_242,2024-12-21,city_Customer_242,O00720,2024-10-22,Cash On Delivery,1342,P063,2.0,67007.0,Wireless Mouse,Accessories,49252.851851851854
C0242,Customer_242,2024-12-21,city_Customer_242,O00720,2024-10-22,Cash On Delivery,1352,P018,0.0,87099.0,Dell Inspiron,Laptop,50919.833333333336
C0243,Customer_243,2025-06-16,city_Customer_243,O00196,2025-05-01,Debit Card,242,P020,3.0,57368.0,Dell Inspiron,Smartphone,42083.15789473684
C0243,Customer_243,2025-06-16,city_Customer_243,O00657,2025-03-25,Upi,1888,P051,2.0,76599.0,Keyboard,Smart Phone,18522.0
C0243,Customer_243,2025-06-16,city_Customer_243,O00902,2024-07-29,Debit Card,577,P010,2.0,35575.0,Iphone 13,Smart Phone,41625.760869565216
C0243,Customer_243,2025-06-16,city_Customer_243,O00902,2024-07-29,Debit Card,809,P029,4.0,74896.0,Samsung Galaxy,Accessories,39583.26
C0243,Customer_243,2025-06-16,city_Customer_243,O00957,2024-03-18,Credit Card,759,P074,3.0,51444.0,Samsung Tab,Tablet,51600.791666666664
C0243,Customer_243,2025-06-16,city_Customer_243,O01034,2024-02-10,Credit Card,260,P013,2.0,50612.0,Samsung Galaxy,Smart Phone,51735.0
C0243,Customer_243,2025-06-16,city_Customer_243,O01034,2024-02-10,Credit Card,304,P012,0.0,51743.0,Lenovo Ideapad,Accessory,27157.0
C0243,Customer_243,2025-06-16,city_Customer_243,O01034,2024-02-10,Credit Card,393,P078,0.0,46377.0,Usb Hub,Accessory,70378.0
C0243,Customer_243,2025-06-16,city_Customer_243,O01034,2024-02-10,Credit Card,574,P065,1.0,1283.0,Dell Inspiron,Smart Phone,58364.0
C0243,Customer_243,2025-06-16,city_Customer_243,O01034,2024-02-10,Credit Card,802,P014,2.0,76493.0,Xiaomi Redmi,Laptop,5475.0
C0243,Customer_243,2025-06-16,city_Customer_243,O01034,2024-02-10,Credit Card,1393,P061,3.0,41497.0,Lenovo Tab,Tablet,41829.80952380953
C0245,Customer_244,2024-11-28,city_Customer_244,O00173,2024-12-25,Upi,1058,P037,2.0,36257.0,Iphone 13,Laptop,2571.0
C0245,Customer_244,2024-11-28,city_Customer_244,O00210,2024-06-14,Cash On Delivery,476,P058,0.0,21450.0,Lenovo Ideapad,Smartphone,41597.0
C0245,Customer_244,2024-11-28,city_Customer_244,O00210,2024-06-14,Cash On Delivery,896,P070,4.0,31917.0,Ipad Air,Tablet,33141.25
C0245,Customer_244,2024-11-28,city_Customer_244,O00528,2024-12-10,Credit Card,1561,P029,2.0,53433.0,Samsung Galaxy,Accessories,39583.26
C0245,Customer_244,2024-11-28,city_Customer_244,O00528,2024-12-10,Credit Card,1942,P048,3.0,31645.0,Wireless Mouse,Laptop,47676.0
C0245,Customer_244,2024-11-28,city_Customer_244,O00796,2025-03-11,Upi,1597,P010,2.0,75192.0,Iphone 13,Smart Phone,41625.760869565216
C0245,Customer_244,2024-11-28,city_Customer_244,O00796,2025-03-11,Upi,1841,P063,0.0,55126.0,Wireless Mouse,Accessories,49252.851851851854
C0246,Customer_246,2025-01-14,city_Customer_246,O00394,2024-07-09,Cash On Delivery,1191,P051,2.0,86499.0,Keyboard,Smart Phone,18522.0
C0246,Customer_246,2025-01-14,city_Customer_246,O00656,2024-04-11,Unknown,975,P076,1.0,69014.0,Wireless Mouse,Accessory,15249.0
C0246,Customer_246,2025-01-14,city_Customer_246,O00862,2024-09-24,Cash On Delivery,228,P001,1.0,30940.0,Lenovo Ideapad,Tablet,28151.0
C0246,Customer_246,2025-01-14,city_Customer_246,O00862,2024-09-24,Cash On Delivery,998,P030,2.0,43618.0,Laptop Bag,Accessory,44051.0
C0246,Customer_246,2025-01-14,city_Customer_246,O00862,2024-09-24,Cash On Delivery,1154,P068,1.0,53379.0,Xiaomi Redmi,Tablet,43027.0
C0246,Customer_246,2025-01-14,city_Customer_246,O00862,2024-09-24,Cash On Delivery,1493,P034,1.0,78401.0,Laptop Bag,Laptop,37213.31578947369
C0246,Customer_246,2025-01-14,city_Customer_246,O00998,2024-10-03,Cash On Delivery,422,P004,4.0,75133.0,Lenovo Tab,Tablet,32011.4
C0246,Customer_246,2025-01-14,city_Customer_246,O00998,2024-10-03,Cash On Delivery,1090,P049,4.0,28217.0,Wireless Mouse,Smartphone,61022.0
C0246,Customer_246,2025-01-14,city_Customer_246,O00998,2024-10-03,Cash On Delivery,1668,P076,2.0,45890.0,Wireless Mouse,Accessory,15249.0
C0247,Customer_247,2024-01-21,city_Customer_247,O00946,2025-01-19,Cash On Delivery,619,P067,4.0,29183.5,Usb Hub,Smartphone,33419.208333333336
C0247,Customer_247,2024-01-21,city_Customer_247,O00946,2025-01-19,Cash On Delivery,833,P064,0.0,57795.5,Lenovo Ideapad,Accessories,81129.0
C0248,Customer_248,2023-01-02,city_Customer_248,O00443,2025-01-10,Credit Card,1018,P061,2.0,41497.0,Lenovo Tab,Tablet,41829.80952380953
C0248,Customer_248,2023-01-02,city_Customer_248,O00443,2025-01-10,Credit Card,1273,P005,1.0,40732.0,Oneplus,Tablet,41247.38888888889
C0248,Customer_248,2023-01-02,city_Customer_248,O00690,2024-05-29,Upi,115,P052,2.0,21964.0,Xiaomi Redmi,Smart Phone,49998.94117647059
C0248,Customer_248,2023-01-02,city_Customer_248,O00690,2024-05-29,Upi,1786,P074,2.0,51444.0,Samsung Tab,Tablet,51600.791666666664
C0249,Customer_249,2025-05-09,city_Customer_249,O00207,2024-06-19,Credit Card,1375,P016,1.0,36124.0,Ipad Air,Smart Phone,37730.5
C0250,Customer_250,2024-12-31,city_Customer_250,O00451,2024-02-11,Debit Card,1748,P029,0.0,20997.0,Samsung Galaxy,Accessories,39583.26
C0250,Customer_250,2024-12-31,city_Customer_250,O01071,2024-03-23,Cash On Delivery,437,P030,1.0,7170.0,Laptop Bag,Accessory,44051.0
C0250,Customer_250,2024-12-31,city_Customer_250,O01071,2024-03-23,Cash On Delivery,798,P025,0.0,49252.5,Dell Inspiron,Laptop,84776.0
C0250,Customer_250,2024-12-31,city_Customer_250,O01071,2024-03-23,Cash On Delivery,811,P021,2.0,39849.0,Laptop Bag,Laptop,42623.545454545456
C0251,Customer_250,2023-10-24,city_Customer_250,O00311,2024-12-14,Upi,1401,P079,4.0,59283.0,Oneplus,Tablet,49850.653846153844
C0251,Customer_250,2023-10-24,city_Customer_250,O00311,2024-12-14,Upi,1580,P023,1.0,62580.0,Lenovo Tab,Tablet,48549.107142857145
C0251,Customer_250,2023-10-24,city_Customer_250,O00817,2025-04-25,Upi,596,P003,1.0,57557.0,Hp Pavilion,Accessories,40489.0
C0251,Customer_250,2023-10-24,city_Customer_250,O00817,2025-04-25,Upi,1237,P052,0.0,63723.0,Xiaomi Redmi,Smart Phone,49998.94117647059
C0251,Customer_250,2023-10-24,city_Customer_250,O00994,2025-02-22,Upi,882,P027,2.0,32491.5,Ipad Air,Smart Phone,40595.0
C0251,Customer_250,2023-10-24,city_Customer_250,O00994,2025-02-22,Upi,1969,P003,3.0,40345.0,Hp Pavilion,Accessories,40489.0
C0252,Customer_252,2024-02-07,city_Customer_252,O00676,2024-08-20,Debit Card,1512,P010,3.0,71689.0,Iphone 13,Smart Phone,41625.760869565216
C0252,Customer_252,2024-02-07,city_Customer_252,O01043,2024-04-11,Credit Card,234,P071,2.0,36132.5,Iphone 13,Tablet,65274.0
C0253,Customer_253,2023-03-20,city_Customer_253,O00030,2024-09-12,Upi,345,P022,2.0,13111.0,Samsung Tab,Accessory,33689.54878048781
C0253,Customer_253,2023-03-20,city_Customer_253,O00101,2024-01-23,Cash On Delivery,1087,P062,2.0,43803.0,Dell Inspiron,Tablet,44048.24444444444
C0253,Customer_253,2023-03-20,city_Customer_253,O00101,2024-01-23,Cash On Delivery,1157,P004,1.0,88764.0,Lenovo Tab,Tablet,32011.4
C0253,Customer_253,2023-03-20,city_Customer_253,O00288,2024-07-25,Credit Card,7,P070,0.0,31917.0,Ipad Air,Tablet,33141.25
C0253,Customer_253,2023-03-20,city_Customer_253,O00288,2024-07-25,Credit Card,51,P067,0.0,29183.5,Usb Hub,Smartphone,33419.208333333336
C0253,Customer_253,2023-03-20,city_Customer_253,O00288,2024-07-25,Credit Card,531,P041,1.0,47300.0,Laptop Bag,Smart Phone,42118.0
C0253,Customer_253,2023-03-20,city_Customer_253,O00288,2024-07-25,Credit Card,880,P052,1.0,49905.0,Xiaomi Redmi,Smart Phone,49998.94117647059
C0253,Customer_253,2023-03-20,city_Customer_253,O00288,2024-07-25,Credit Card,1872,P080,2.0,56159.0,Oneplus,Laptop,82478.0
C0254,Customer_254,2025-02-12,city_Customer_254,O00983,2024-01-15,Unknown,506,P076,0.0,68653.0,Wireless Mouse,Accessory,15249.0
C0255,Customer_255,2023-10-15,city_Customer_255,O00161,2024-04-05,Cash On Delivery,81,P049,2.0,43040.0,Wireless Mouse,Smartphone,61022.0
C0255,Customer_255,2023-10-15,city_Customer_255,O00161,2024-04-05,Cash On Delivery,592,P055,2.0,40760.0,Keyboard,Accessory,40085.583333333336
C0255,Customer_255,2023-10-15,city_Customer_255,O00161,2024-04-05,Cash On Delivery,1007,P010,0.0,38223.0,Iphone 13,Smart Phone,41625.760869565216
C0255,Customer_255,2023-10-15,city_Customer_255,O00845,2025-04-10,Debit Card,258,P004,1.0,8269.0,Lenovo Tab,Tablet,32011.4
C0255,Customer_255,2023-10-15,city_Customer_255,O00845,2025-04-10,Debit Card,503,P030,1.0,12124.0,Laptop Bag,Accessory,44051.0
C0255,Customer_255,2023-10-15,city_Customer_255,O00919,2024-12-26,Credit Card,201,P066,2.0,39176.0,Samsung Tab,Smart Phone,39443.125
C0255,Customer_255,2023-10-15,city_Customer_255,O00919,2024-12-26,Credit Card,737,P060,1.0,31193.0,Usb Hub,Laptop,31558.076923076922
C0255,Customer_255,2023-10-15,city_Customer_255,O00919,2024-12-26,Credit Card,976,P061,0.0,38926.0,Lenovo Tab,Tablet,41829.80952380953
C0256,Customer_256,2023-10-20,city_Customer_256,O00265,2024-04-24,Credit Card,207,P023,3.0,47118.0,Lenovo Tab,Tablet,48549.107142857145
C0256,Customer_256,2023-10-20,city_Customer_256,O00265,2024-04-24,Credit Card,298,P032,0.0,52315.0,Ipad Air,Tablet,6095.0
C0257,Customer_257,2023-09-13,city_Customer_257,O00021,2024-11-07,Credit Card,706,P059,1.0,30040.0,Oneplus,Accessories,33875.24324324324
C0257,Customer_257,2023-09-13,city_Customer_257,O00021,2024-11-07,Credit Card,1890,P039,2.0,87975.0,Xiaomi Redmi,Accessory,69520.0
C0257,Customer_257,2023-09-13,city_Customer_257,O00170,2024-10-11,Upi,638,P078,1.0,69031.0,Usb Hub,Accessory,70378.0
C0257,Customer_257,2023-09-13,city_Customer_257,O00170,2024-10-11,Upi,920,P012,1.0,51743.0,Lenovo Ideapad,Accessory,27157.0
C0257,Customer_257,2023-09-13,city_Customer_257,O00170,2024-10-11,Upi,951,P022,4.0,31350.5,Samsung Tab,Accessory,33689.54878048781
C0258,Customer_258,2024-06-07,city_Customer_258,O00041,2024-10-10,Debit Card,371,P080,0.0,28000.0,Oneplus,Laptop,82478.0
C0258,Customer_258,2024-06-07,city_Customer_258,O00041,2024-10-10,Debit Card,629,P019,2.0,38300.0,Samsung Galaxy,Smartphone,40344.217391304344
C0258,Customer_258,2024-06-07,city_Customer_258,O00041,2024-10-10,Debit Card,860,P034,2.0,32950.0,Laptop Bag,Laptop,37213.31578947369
C0258,Customer_258,2024-06-07,city_Customer_258,O00041,2024-10-10,Debit Card,1487,P076,1.0,58608.0,Wireless Mouse,Accessory,15249.0
C0258,Customer_258,2024-06-07,city_Customer_258,O00041,2024-10-10,Debit Card,1571,P004,2.0,26159.0,Lenovo Tab,Tablet,32011.4
C0258,Customer_258,2024-06-07,city_Customer_258,O00344,2024-11-30,Upi,903,P073,2.0,3245.0,Lenovo Tab,Accessory,3393.0
C0258,Customer_258,2024-06-07,city_Customer_258,O00344,2024-11-30,Upi,1798,P067,4.0,1675.0,Usb Hub,Smartphone,33419.208333333336
C0259,Customer_259,2025-03-14,city_Customer_259,O00433,2025-01-07,Cash On Delivery,386,P047,1.0,84615.0,Oneplus,Smart Phone,33791.0
C0259,Customer_259,2025-03-14,city_Customer_259,O00433,2025-01-07,Cash On Delivery,1502,P018,0.0,40538.0,Dell Inspiron,Laptop,50919.833333333336
C0259,Customer_259,2025-03-14,city_Customer_259,O00540,2024-01-10,Credit Card,1704,P025,1.0,14994.0,Dell Inspiron,Laptop,84776.0
C0259,Customer_259,2025-03-14,city_Customer_259,O00806,2025-07-02,Cash On Delivery,902,P070,1.0,31917.0,Ipad Air,Tablet,33141.25
C0259,Customer_259,2025-03-14,city_Customer_259,O00806,2025-07-02,Cash On Delivery,923,P065,1.0,71730.0,Dell Inspiron,Smart Phone,58364.0
C0260,Customer_260,2025-04-11,city_Customer_260,O00996,2024-09-15,Cash On Delivery,133,P057,0.0,67021.0,Lenovo Ideapad,Laptop,27615.0
C0260,Customer_260,2025-04-11,city_Customer_260,O00996,2024-09-15,Cash On Delivery,380,P052,0.0,74550.0,Xiaomi Redmi,Smart Phone,49998.94117647059
C0260,Customer_260,2025-04-11,city_Customer_260,O00996,2024-09-15,Cash On Delivery,450,P056,2.0,74529.0,Samsung Galaxy,Smart Phone,49022.142857142855
C0260,Customer_260,2025-04-11,city_Customer_260,O00996,2024-09-15,Cash On Delivery,1862,P062,3.0,25045.0,Dell Inspiron,Tablet,44048.24444444444
C0260,Customer_260,2025-04-11,city_Customer_260,O01197,2024-04-09,Unknown,236,P052,2.0,52743.0,Xiaomi Redmi,Smart Phone,49998.94117647059
C0261,Customer_261,2025-06-15,city_Customer_261,O00108,2025-03-07,Cash On Delivery,158,P011,0.0,49358.0,Lenovo Ideapad,Accessories,50263.19047619047
C0261,Customer_261,2025-06-15,city_Customer_261,O00308,2025-04-18,Cash On Delivery,1773,P018,0.0,16859.0,Dell Inspiron,Laptop,50919.833333333336
C0261,Customer_261,2025-06-15,city_Customer_261,O00398,2024-06-30,Unknown,266,P015,0.0,79531.0,Laptop Bag,Smart Phone,76755.0
C0261,Customer_261,2025-06-15,city_Customer_261,O00398,2024-06-30,Unknown,947,P068,4.0,5967.0,Xiaomi Redmi,Tablet,43027.0
C0261,Customer_261,2025-06-15,city_Customer_261,O00398,2024-06-30,Unknown,1188,P049,3.0,2979.0,Wireless Mouse,Smartphone,61022.0
C0263,Customer_263,2025-01-19,city_Customer_263,O00549,2024-06-29,Cash On Delivery,26,P040,4.0,41485.5,Keyboard,Smartphone,43837.91935483871
C0263,Customer_263,2025-01-19,city_Customer_263,O00549,2024-06-29,Cash On Delivery,622,P046,0.0,71194.0,Iphone 13,Accessories,62283.933333333334
C0263,Customer_263,2025-01-19,city_Customer_263,O00549,2024-06-29,Cash On Delivery,936,P028,3.0,38757.0,Samsung Galaxy,Tablet,35571.85294117647
C0263,Customer_263,2025-01-19,city_Customer_263,O00549,2024-06-29,Cash On Delivery,1427,P023,3.0,88815.0,Lenovo Tab,Tablet,48549.107142857145
C0265,Customer_265,2024-05-12,city_Customer_265,O00056,2025-03-17,Credit Card,135,P005,0.0,37524.5,Oneplus,Tablet,41247.38888888889
C0265,Customer_265,2024-05-12,city_Customer_265,O00056,2025-03-17,Credit Card,1315,P022,4.0,31350.5,Samsung Tab,Accessory,33689.54878048781
C0265,Customer_265,2024-05-12,city_Customer_265,O00886,2024-06-11,Unknown,1083,P012,3.0,51743.0,Lenovo Ideapad,Accessory,27157.0
C0265,Customer_265,2024-05-12,city_Customer_265,O00931,2024-06-19,Upi,1631,P061,3.0,41497.0,Lenovo Tab,Tablet,41829.80952380953
C0266,Customer_265,2023-05-11,city_Customer_265,O01120,2025-02-21,Upi,222,P062,3.0,43803.0,Dell Inspiron,Tablet,44048.24444444444
C0266,Customer_265,2023-05-11,city_Customer_265,O01120,2025-02-21,Upi,321,P051,0.0,21448.0,Keyboard,Smart Phone,18522.0
C0266,Customer_265,2023-05-11,city_Customer_265,O01120,2025-02-21,Upi,1743,P060,2.0,30084.0,Usb Hub,Laptop,31558.076923076922
C0268,Customer_268,2025-01-26,city_Customer_268,O00287,2024-01-11,Cash On Delivery,165,P044,1.0,51790.5,Oneplus,Tablet,13294.0
C0268,Customer_268,2025-01-26,city_Customer_268,O00287,2024-01-11,Cash On Delivery,300,P042,1.0,37939.0,Hp Pavilion,Laptop,36647.529411764706
C0268,Customer_268,2025-01-26,city_Customer_268,O00287,2024-01-11,Cash On Delivery,684,P068,0.0,28493.0,Xiaomi Redmi,Tablet,43027.0
C0268,Customer_268,2025-01-26,city_Customer_268,O00320,2024-03-30,Credit Card,1117,P030,1.0,75716.0,Laptop Bag,Accessory,44051.0
C0270,Customer_270,2023-11-05,city_Customer_270,O00849,2025-03-21,Upi,995,P014,1.0,28858.5,Xiaomi Redmi,Laptop,5475.0
C0271,Customer_271,2024-02-08,city_Customer_271,O00635,2024-01-16,Cash On Delivery,731,P014,3.0,28858.5,Xiaomi Redmi,Laptop,5475.0
C0271,Customer_271,2024-02-08,city_Customer_271,O00635,2024-01-16,Cash On Delivery,1153,P039,0.0,53140.0,Xiaomi Redmi,Accessory,69520.0
C0271,Customer_271,2024-02-08,city_Customer_271,O00635,2024-01-16,Cash On Delivery,1752,P043,4.0,32759.5,Usb Hub,Accessory,35204.98387096774
C0272,Customer_272,2023-06-15,city_Customer_272,O00004,2024-02-25,Debit Card,217,P005,1.0,37524.5,Oneplus,Tablet,41247.38888888889
C0272,Customer_272,2023-06-15,city_Customer_272,O00004,2024-02-25,Debit Card,548,P017,1.0,54245.5,Keyboard,Smartphone,53396.91025641026
C0272,Customer_272,2023-06-15,city_Customer_272,O00004,2024-02-25,Debit Card,631,P041,2.0,36009.0,Laptop Bag,Smart Phone,42118.0
C0272,Customer_272,2023-06-15,city_Customer_272,O00524,2024-05-14,Cash On Delivery,1097,P048,1.0,31645.0,Wireless Mouse,Laptop,47676.0
C0272,Customer_272,2023-06-15,city_Customer_272,O00750,2024-04-13,Debit Card,718,P026,3.0,43771.5,Xiaomi Redmi,Laptop,42897.775862068964
C0272,Customer_272,2023-06-15,city_Customer_272,O00750,2024-04-13,Debit Card,1006,P041,0.0,41654.5,Laptop Bag,Smart Phone,42118.0
C0272,Customer_272,2023-06-15,city_Customer_272,O00750,2024-04-13,Debit Card,1025,P055,0.0,20137.0,Keyboard,Accessory,40085.583333333336
C0272,Customer_272,2023-06-15,city_Customer_272,O00750,2024-04-13,Debit Card,1174,P020,2.0,20808.0,Dell Inspiron,Smartphone,42083.15789473684
C0272,Customer_272,2023-06-15,city_Customer_272,O00864,2024-08-27,Credit Card,701,P021,2.0,41406.0,Laptop Bag,Laptop,42623.545454545456
C0272,Customer_272,2023-06-15,city_Customer_272,O00926,2025-04-06,Credit Card,1250,P048,4.0,31645.0,Wireless Mouse,Laptop,47676.0
C0272,Customer_272,2023-06-15,city_Customer_272,O00926,2025-04-06,Credit Card,1881,P056,2.0,50794.0,Samsung Galaxy,Smart Phone,49022.142857142855
C0273,Customer_273,2025-04-11,city_Customer_273,O00193,2025-04-14,Debit Card,657,P008,3.0,37548.5,Hp Pavilion,Accessory,38717.39473684211
C0273,Customer_273,2025-04-11,city_Customer_273,O00193,2025-04-14,Debit Card,1609,P071,1.0,36132.5,Iphone 13,Tablet,65274.0
C0273,Customer_273,2025-04-11,city_Customer_273,O00522,2024-11-09,Cash On Delivery,147,P015,2.0,65664.0,Laptop Bag,Smart Phone,76755.0
C0273,Customer_273,2025-04-11,city_Customer_273,O00912,2024-02-27,Credit Card,27,P047,0.0,27083.0,Oneplus,Smart Phone,33791.0
C0273,Customer_273,2025-04-11,city_Customer_273,O00912,2024-02-27,Credit Card,142,P074,1.0,51444.0,Samsung Tab,Tablet,51600.791666666664
C0273,Customer_273,2025-04-11,city_Customer_273,O01153,2024-01-26,Upi,78,P047,4.0,27083.0,Oneplus,Smart Phone,33791.0
C0273,Customer_273,2025-04-11,city_Customer_273,O01153,2024-01-26,Upi,336,P076,2.0,32438.0,Wireless Mouse,Accessory,15249.0
C0273,Customer_273,2025-04-11,city_Customer_273,O01153,2024-01-26,Upi,680,P030,3.0,51033.0,Laptop Bag,Accessory,44051.0
C0273,Customer_273,2025-04-11,city_Customer_273,O01153,2024-01-26,Upi,1496,P029,1.0,35095.5,Samsung Galaxy,Accessories,39583.26
C0274,Customer_274,2024-04-08,city_Customer_274,O00703,2024-02-27,Unknown,85,P072,2.0,54236.0,Dell Inspiron,Tablet,52421.12765957447
C0274,Customer_274,2024-04-08,city_Customer_274,O00703,2024-02-27,Unknown,1071,P063,1.0,25656.0,Wireless Mouse,Accessories,49252.851851851854
C0274,Customer_274,2024-04-08,city_Customer_274,O00703,2024-02-27,Unknown,1555,P034,4.0,63714.0,Laptop Bag,Laptop,37213.31578947369
C0274,Customer_274,2024-04-08,city_Customer_274,O00703,2024-02-27,Unknown,1998,P008,0.0,76524.0,Hp Pavilion,Accessory,38717.39473684211
C0274,Customer_274,2024-04-08,city_Customer_274,O01158,2024-10-26,Cash On Delivery,1429,P030,1.0,54048.0,Laptop Bag,Accessory,44051.0
C0276,Customer_276,2023-09-07,city_Customer_276,O00219,2025-02-05,Credit Card,751,P012,3.0,51743.0,Lenovo Ideapad,Accessory,27157.0
C0276,Customer_276,2023-09-07,city_Customer_276,O00219,2025-02-05,Credit Card,1023,P006,1.0,64844.0,Laptop Bag,Tablet,61785.52173913043
C0276,Customer_276,2023-09-07,city_Customer_276,O01101,2025-04-07,Upi,101,P080,0.0,56159.0,Oneplus,Laptop,82478.0
C0276,Customer_276,2023-09-07,city_Customer_276,O01101,2025-04-07,Upi,1867,P064,0.0,57795.5,Lenovo Ideapad,Accessories,81129.0
C0277,Customer_277,2024-07-23,city_Customer_277,O00290,2025-11-01,Upi,1735,P077,2.0,36191.5,Wireless Mouse,Smart Phone,39614.833333333336
C0278,Customer_278,2024-01-13,city_Customer_278,O00667,2024-04-05,Unknown,1166,P034,3.0,47907.0,Laptop Bag,Laptop,37213.31578947369
C0278,Customer_278,2024-01-13,city_Customer_278,O00882,2024-04-25,Upi,33,P014,0.0,25382.0,Xiaomi Redmi,Laptop,5475.0
C0278,Customer_278,2024-01-13,city_Customer_278,O00882,2024-04-25,Upi,568,P048,0.0,31645.0,Wireless Mouse,Laptop,47676.0
C0279,Customer_279,2023-07-26,city_Customer_279,O00079,2025-02-05,Cash On Delivery,879,P015,0.0,65664.0,Laptop Bag,Smart Phone,76755.0
C0280,Customer_280,2025-06-10,city_Customer_280,O00418,2024-07-15,Upi,28,P030,4.0,86798.0,Laptop Bag,Accessory,44051.0
C0280,Customer_280,2025-06-10,city_Customer_280,O00418,2024-07-15,Upi,369,P042,4.0,1072.0,Hp Pavilion,Laptop,36647.529411764706
C0280,Customer_280,2025-06-10,city_Customer_280,O00726,2024-11-07,Credit Card,1911,P068,1.0,45680.0,Xiaomi Redmi,Tablet,43027.0
C0280,Customer_280,2025-06-10,city_Customer_280,O01038,2025-04-03,Upi,1383,P054,2.0,49038.0,Laptop Bag,Smartphone,34450.0
C0281,Customer_281,2025-02-02,city_Customer_281,O00154,2024-03-30,Credit Card,755,P032,2.0,52315.0,Ipad Air,Tablet,6095.0
C0281,Customer_281,2025-02-02,city_Customer_281,O00154,2024-03-30,Credit Card,1869,P022,1.0,31350.5,Samsung Tab,Accessory,33689.54878048781
C0281,Customer_281,2025-02-02,city_Customer_281,O00202,2024-05-04,Upi,1196,P041,1.0,41654.5,Laptop Bag,Smart Phone,42118.0
C0281,Customer_281,2025-02-02,city_Customer_281,O00462,2024-08-03,Upi,1387,P059,3.0,77964.0,Oneplus,Accessories,33875.24324324324
C0281,Customer_281,2025-02-02,city_Customer_281,O00462,2024-08-03,Upi,1428,P063,4.0,55126.0,Wireless Mouse,Accessories,49252.851851851854
C0281,Customer_281,2025-02-02,city_Customer_281,O00462,2024-08-03,Upi,1624,P052,3.0,89941.0,Xiaomi Redmi,Smart Phone,49998.94117647059
C0281,Customer_281,2025-02-02,city_Customer_281,O00462,2024-08-03,Upi,1804,P011,4.0,49358.0,Lenovo Ideapad,Accessories,50263.19047619047
C0281,Customer_281,2025-02-02,city_Customer_281,O00462,2024-08-03,Upi,1879,P058,3.0,16821.0,Lenovo Ideapad,Smartphone,41597.0
C0281,Customer_281,2025-02-02,city_Customer_281,O00828,2025-04-16,Credit Card,1531,P047,2.0,47827.0,Oneplus,Smart Phone,33791.0
C0281,Customer_281,2025-02-02,city_Customer_281,O00828,2025-04-16,Credit Card,1700,P042,4.0,47042.0,Hp Pavilion,Laptop,36647.529411764706
C0282,Customer_282,2023-10-04,city_Customer_282,O01104,2025-03-15,Unknown,219,P059,4.0,44572.0,Oneplus,Accessories,33875.24324324324
C0283,Customer_283,2024-05-25,city_Customer_283,O00260,2024-03-27,Debit Card,1864,P012,1.0,8773.0,Lenovo Ideapad,Accessory,27157.0
C0283,Customer_283,2024-05-25,city_Customer_283,O01031,2024-04-29,Credit Card,642,P023,3.0,45765.0,Lenovo Tab,Tablet,48549.107142857145
C0283,Customer_283,2024-05-25,city_Customer_283,O01070,2025-01-04,Debit Card,233,P016,2.0,3756.0,Ipad Air,Smart Phone,37730.5
C0283,Customer_283,2024-05-25,city_Customer_283,O01070,2025-01-04,Debit Card,1947,P065,4.0,27083.0,Dell Inspiron,Smart Phone,58364.0
C0284,Customer_284,2023-05-09,city_Customer_284,O00299,2024-03-31,Cash On Delivery,595,P004,2.0,48776.0,Lenovo Tab,Tablet,32011.4
C0284,Customer_284,2023-05-09,city_Customer_284,O00299,2024-03-31,Cash On Delivery,1635,P053,1.0,17936.0,Iphone 13,Accessories,24279.52380952381
C0285,Customer_285,2024-10-06,city_Customer_285,O00693,2024-06-14,Unknown,29,P062,3.0,3196.0,Dell Inspiron,Tablet,44048.24444444444
C0285,Customer_285,2024-10-06,city_Customer_285,O00693,2024-06-14,Unknown,1285,P045,3.0,57773.0,Lenovo Tab,Laptop,50316.055555555555
C0285,Customer_285,2024-10-06,city_Customer_285,O00693,2024-06-14,Unknown,1412,P008,2.0,37548.5,Hp Pavilion,Accessory,38717.39473684211
C0285,Customer_285,2024-10-06,city_Customer_285,O00693,2024-06-14,Unknown,1720,P076,1.0,44206.0,Wireless Mouse,Accessory,15249.0
C0285,Customer_285,2024-10-06,city_Customer_285,O00835,2024-11-15,Credit Card,22,P067,4.0,33632.0,Usb Hub,Smartphone,33419.208333333336
C0285,Customer_285,2024-10-06,city_Customer_285,O00835,2024-11-15,Credit Card,1703,P059,2.0,29358.0,Oneplus,Accessories,33875.24324324324
C0285,Customer_285,2024-10-06,city_Customer_285,O00835,2024-11-15,Credit Card,1746,P050,2.0,53856.0,Lenovo Ideapad,Tablet,59514.0
C0285,Customer_285,2024-10-06,city_Customer_285,O01113,2025-04-02,Credit Card,1208,P080,3.0,63208.0,Oneplus,Laptop,82478.0
C0286,Customer_286,2023-04-05,city_Customer_286,O00279,2024-12-06,Cash On Delivery,152,P029,3.0,35095.5,Samsung Galaxy,Accessories,39583.26
C0286,Customer_286,2023-04-05,city_Customer_286,O00279,2024-12-06,Cash On Delivery,1259,P033,1.0,70498.0,Wireless Mouse,Laptop,47453.0
C0286,Customer_286,2023-04-05,city_Customer_286,O00279,2024-12-06,Cash On Delivery,1296,P075,1.0,25729.0,Iphone 13,Smart Phone,65357.26666666667
C0286,Customer_286,2023-04-05,city_Customer_286,O00279,2024-12-06,Cash On Delivery,1504,P023,4.0,51782.0,Lenovo Tab,Tablet,48549.107142857145
C0286,Customer_286,2023-04-05,city_Customer_286,O00967,2024-03-09,Credit Card,711,P043,4.0,18131.0,Usb Hub,Accessory,35204.98387096774
C0288,Customer_288,2024-03-18,city_Customer_288,O01154,2024-06-09,Upi,1047,P017,0.0,54245.5,Keyboard,Smartphone,53396.91025641026
C0289,Customer_289,2023-05-11,city_Customer_289,O00158,2025-03-07,Unknown,350,P005,0.0,53824.0,Oneplus,Tablet,41247.38888888889
C0289,Customer_289,2023-05-11,city_Customer_289,O00158,2025-03-07,Unknown,1827,P028,4.0,23752.0,Samsung Galaxy,Tablet,35571.85294117647
C0291,Customer_291,2024-08-24,city_Customer_291,O00040,2024-10-08,Cash On Delivery,443,P072,2.0,54236.0,Dell Inspiron,Tablet,52421.12765957447
C0291,Customer_291,2024-08-24,city_Customer_291,O00040,2024-10-08,Cash On Delivery,1779,P043,2.0,32759.5,Usb Hub,Accessory,35204.98387096774
C0292,Customer_292,2024-02-05,city_Customer_292,O00821,2025-01-20,Credit Card,309,P059,2.0,30040.0,Oneplus,Accessories,33875.24324324324
C0292,Customer_292,2024-02-05,city_Customer_292,O00821,2025-01-20,Credit Card,1085,P037,4.0,36257.0,Iphone 13,Laptop,2571.0
C0292,Customer_292,2024-02-05,city_Customer_292,O00821,2025-01-20,Credit Card,1197,P059,3.0,30040.0,Oneplus,Accessories,33875.24324324324
C0293,Customer_293,2025-05-25,city_Customer_293,O00875,2024-08-12,Credit Card,556,P063,0.0,29487.0,Wireless Mouse,Accessories,49252.851851851854
C0294,Customer_294,2023-09-12,city_Customer_294,O00032,2024-06-12,Unknown,248,P058,4.0,24413.0,Lenovo Ideapad,Smartphone,41597.0
C0294,Customer_294,2023-09-12,city_Customer_294,O00032,2024-06-12,Unknown,1027,P062,2.0,43803.0,Dell Inspiron,Tablet,44048.24444444444
C0294,Customer_294,2023-09-12,city_Customer_294,O00032,2024-06-12,Unknown,1107,P079,2.0,53168.5,Oneplus,Tablet,49850.653846153844
C0294,Customer_294,2023-09-12,city_Customer_294,O00059,2024-10-17,Upi,686,P024,2.0,34391.5,Macbook Air,Smart Phone,37230.45
C0294,Customer_294,2023-09-12,city_Customer_294,O00059,2024-10-17,Upi,1079,P039,0.0,53140.0,Xiaomi Redmi,Accessory,69520.0
C0294,Customer_294,2023-09-12,city_Customer_294,O00648,2024-09-26,Upi,19,P022,2.0,31350.5,Samsung Tab,Accessory,33689.54878048781
C0294,Customer_294,2023-09-12,city_Customer_294,O00648,2024-09-26,Upi,389,P064,3.0,57795.5,Lenovo Ideapad,Accessories,81129.0
C0295,Customer_295,2023-06-08,city_Customer_295,O00203,2025-05-03,Credit Card,539,P052,4.0,52743.0,Xiaomi Redmi,Smart Phone,49998.94117647059
C0295,Customer_295,2023-06-08,city_Customer_295,O00203,2025-05-03,Credit Card,1073,P004,2.0,26159.0,Lenovo Tab,Tablet,32011.4
C0295,Customer_295,2023-06-08,city_Customer_295,O00225,2025-05-01,Debit Card,1064,P036,0.0,37288.0,Lenovo Ideapad,Tablet,40888.2
C0295,Customer_295,2023-06-08,city_Customer_295,O00225,2025-05-01,Debit Card,1538,P040,3.0,41485.5,Keyboard,Smartphone,43837.91935483871
C0295,Customer_295,2023-06-08,city_Customer_295,O00225,2025-05-01,Debit Card,1848,P009,3.0,29485.0,Iphone 13,Tablet,70582.0
C0297,Customer_297,2024-12-18,city_Customer_297,O00338,2024-03-27,Upi,491,P042,2.0,33581.0,Hp Pavilion,Laptop,36647.529411764706
C0297,Customer_297,2024-12-18,city_Customer_297,O00338,2024-03-27,Upi,1142,P035,4.0,40862.0,Laptop Bag,Laptop,77306.0
C0297,Customer_297,2024-12-18,city_Customer_297,O00338,2024-03-27,Upi,1369,P026,3.0,43771.5,Xiaomi Redmi,Laptop,42897.775862068964
C0297,Customer_297,2024-12-18,city_Customer_297,O00338,2024-03-27,Upi,1611,P065,1.0,30235.0,Dell Inspiron,Smart Phone,58364.0
C0297,Customer_297,2024-12-18,city_Customer_297,O00338,2024-03-27,Upi,1776,P035,2.0,40862.0,Laptop Bag,Laptop,77306.0
C0298,Customer_298,2023-03-29,city_Customer_298,O00546,2024-12-11,Upi,1320,P017,4.0,7617.0,Keyboard,Smartphone,53396.91025641026
C0298,Customer_298,2023-03-29,city_Customer_298,O00546,2024-12-11,Upi,1983,P016,0.0,36124.0,Ipad Air,Smart Phone,37730.5
C0298,Customer_298,2023-03-29,city_Customer_298,O00606,2024-07-09,Upi,492,P036,3.0,37288.0,Lenovo Ideapad,Tablet,40888.2
C0298,Customer_298,2023-03-29,city_Customer_298,O00606,2024-07-09,Upi,1614,P068,3.0,53379.0,Xiaomi Redmi,Tablet,43027.0
C0298,Customer_298,2023-03-29,city_Customer_298,O00949,2024-04-18,Unknown,1497,P018,0.0,36001.0,Dell Inspiron,Laptop,50919.833333333336
C0298,Customer_298,2023-03-29,city_Customer_298,O01124,2024-06-24,Credit Card,513,P017,3.0,54245.5,Keyboard,Smartphone,53396.91025641026
C0298,Customer_298,2023-03-29,city_Customer_298,O01124,2024-06-24,Credit Card,585,P013,2.0,11222.0,Samsung Galaxy,Smart Phone,51735.0
C0298,Customer_298,2023-03-29,city_Customer_298,O01124,2024-06-24,Credit Card,884,P004,2.0,26159.0,Lenovo Tab,Tablet,32011.4
C0298,Customer_298,2023-03-29,city_Customer_298,O01124,2024-06-24,Credit Card,1137,P002,0.0,59279.0,Samsung Tab,Smartphone,68660.0
C0298,Customer_298,2023-03-29,city_Customer_298,O01124,2024-06-24,Credit Card,1194,P050,0.0,53856.0,Lenovo Ideapad,Tablet,59514.0
C0298,Customer_298,2023-03-29,city_Customer_298,O01124,2024-06-24,Credit Card,1520,P076,3.0,56239.0,Wireless Mouse,Accessory,15249.0
C0300,Customer_300,2024-08-06,city_Customer_300,O00042,2024-06-30,Cash On Delivery,537,P053,2.0,17936.0,Iphone 13,Accessories,24279.52380952381
C0300,Customer_300,2024-08-06,city_Customer_300,O00042,2024-06-30,Cash On Delivery,1397,P052,3.0,64867.0,Xiaomi Redmi,Smart Phone,49998.94117647059
C0300,Customer_300,2024-08-06,city_Customer_300,O00080,2024-05-23,Cash On Delivery,1282,P046,1.0,84550.0,Iphone 13,Accessories,62283.933333333334
C0300,Customer_300,2024-08-06,city_Customer_300,O00918,2025-03-03,Credit Card,1056,P071,0.0,36132.5,Iphone 13,Tablet,65274.0
C0301,Customer_301,2025-01-02,city_Customer_301,O00201,2025-04-13,Debit Card,1511,P068,0.0,53379.0,Xiaomi Redmi,Tablet,43027.0
C0301,Customer_301,2025-01-02,city_Customer_301,O00201,2025-04-13,Debit Card,1991,P011,4.0,33450.0,Lenovo Ideapad,Accessories,50263.19047619047
C0301,Customer_301,2025-01-02,city_Customer_301,O00805,2024-08-14,Credit Card,606,P031,0.0,57914.5,Samsung Tab,Accessories,57484.28571428572
C0301,Customer_301,2025-01-02,city_Customer_301,O00805,2024-08-14,Credit Card,1515,P072,1.0,80267.0,Dell Inspiron,Tablet,52421.12765957447
C0303,Customer_303,2024-03-23,city_Customer_303,O00147,2024-06-23,Credit Card,13,P072,2.0,54236.0,Dell Inspiron,Tablet,52421.12765957447
C0303,Customer_303,2024-03-23,city_Customer_303,O00147,2024-06-23,Credit Card,180,P055,2.0,40760.0,Keyboard,Accessory,40085.583333333336
C0303,Customer_303,2024-03-23,city_Customer_303,O00147,2024-06-23,Credit Card,1048,P032,3.0,1953.0,Ipad Air,Tablet,6095.0
C0303,Customer_303,2024-03-23,city_Customer_303,O00147,2024-06-23,Credit Card,1329,P055,1.0,43198.0,Keyboard,Accessory,40085.583333333336
C0303,Customer_303,2024-03-23,city_Customer_303,O00147,2024-06-23,Credit Card,1480,P046,3.0,65993.0,Iphone 13,Accessories,62283.933333333334
C0303,Customer_303,2024-03-23,city_Customer_303,O00212,2024-01-30,Credit Card,431,P017,2.0,56043.0,Keyboard,Smartphone,53396.91025641026
C0303,Customer_303,2024-03-23,city_Customer_303,O00212,2024-01-30,Credit Card,955,P025,3.0,49252.5,Dell Inspiron,Laptop,84776.0
C0303,Customer_303,2024-03-23,city_Customer_303,O00212,2024-01-30,Credit Card,1887,P057,2.0,38519.0,Lenovo Ideapad,Laptop,27615.0
C0303,Customer_303,2024-03-23,city_Customer_303,O00548,2025-11-05,Cash On Delivery,1655,P071,3.0,19203.0,Iphone 13,Tablet,65274.0
C0305,Customer_305,2024-08-19,city_Customer_305,O00285,2025-01-05,Credit Card,140,P072,2.0,54236.0,Dell Inspiron,Tablet,52421.12765957447
C0305,Customer_305,2024-08-19,city_Customer_305,O00285,2025-01-05,Credit Card,150,P027,3.0,5806.0,Ipad Air,Smart Phone,40595.0
C0305,Customer_305,2024-08-19,city_Customer_305,O00285,2025-01-05,Credit Card,378,P039,3.0,68501.0,Xiaomi Redmi,Accessory,69520.0
C0305,Customer_305,2024-08-19,city_Customer_305,O00370,2024-10-16,Cash On Delivery,1476,P004,0.0,37797.0,Lenovo Tab,Tablet,32011.4
C0306,Customer_306,2023-08-17,city_Customer_306,O00479,2025-03-26,Credit Card,423,P068,1.0,53379.0,Xiaomi Redmi,Tablet,43027.0
C0306,Customer_306,2023-08-17,city_Customer_306,O00571,2024-11-10,Cash On Delivery,276,P022,1.0,20373.0,Samsung Tab,Accessory,33689.54878048781
C0306,Customer_306,2023-08-17,city_Customer_306,O00571,2024-11-10,Cash On Delivery,576,P043,3.0,32759.5,Usb Hub,Accessory,35204.98387096774
C0306,Customer_306,2023-08-17,city_Customer_306,O00571,2024-11-10,Cash On Delivery,632,P003,3.0,45627.0,Hp Pavilion,Accessories,40489.0
C0306,Customer_306,2023-08-17,city_Customer_306,O00571,2024-11-10,Cash On Delivery,1330,P014,4.0,28858.5,Xiaomi Redmi,Laptop,5475.0
C0307,Customer_307,2023-01-11,city_Customer_307,O00328,2024-03-09,Credit Card,223,P019,0.0,38300.0,Samsung Galaxy,Smartphone,40344.217391304344
C0307,Customer_307,2023-01-11,city_Customer_307,O00328,2024-03-09,Credit Card,918,P005,1.0,32552.0,Oneplus,Tablet,41247.38888888889
C0307,Customer_307,2023-01-11,city_Customer_307,O00328,2024-03-09,Credit Card,1072,P053,2.0,44929.0,Iphone 13,Accessories,24279.52380952381
C0307,Customer_307,2023-01-11,city_Customer_307,O00328,2024-03-09,Credit Card,1155,P007,4.0,61681.0,Hp Pavilion,Accessories,57956.333333333336
C0307,Customer_307,2023-01-11,city_Customer_307,O00355,2024-11-04,Upi,697,P063,4.0,55126.0,Wireless Mouse,Accessories,49252.851851851854
C0307,Customer_307,2023-01-11,city_Customer_307,O00355,2024-11-04,Upi,1471,P007,4.0,43173.0,Hp Pavilion,Accessories,57956.333333333336
C0307,Customer_307,2023-01-11,city_Customer_307,O00372,2025-03-19,Upi,594,P057,2.0,33764.0,Lenovo Ideapad,Laptop,27615.0
C0308,Customer_308,2023-10-13,city_Customer_308,O00234,2025-04-16,Debit Card,1444,P062,1.0,43803.0,Dell Inspiron,Tablet,44048.24444444444
C0308,Customer_308,2023-10-13,city_Customer_308,O00481,2024-05-24,Cash On Delivery,408,P026,2.0,43771.5,Xiaomi Redmi,Laptop,42897.775862068964
C0308,Customer_308,2023-10-13,city_Customer_308,O00898,2025-02-17,Upi,1386,P072,0.0,49574.0,Dell Inspiron,Tablet,52421.12765957447
C0308,Customer_308,2023-10-13,city_Customer_308,O00969,2024-12-02,Cash On Delivery,1002,P022,2.0,31350.5,Samsung Tab,Accessory,33689.54878048781
C0308,Customer_308,2023-10-13,city_Customer_308,O01148,2024-05-30,Credit Card,255,P051,1.0,43166.0,Keyboard,Smart Phone,18522.0
C0309,Customer_309,2025-05-09,city_Customer_309,O00395,2024-01-23,Cash On Delivery,10,P022,2.0,31350.5,Samsung Tab,Accessory,33689.54878048781
C0309,Customer_309,2025-05-09,city_Customer_309,O00395,2024-01-23,Cash On Delivery,179,P020,2.0,42154.0,Dell Inspiron,Smartphone,42083.15789473684
C0309,Customer_309,2025-05-09,city_Customer_309,O00538,2024-09-23,Credit Card,877,P055,2.0,87063.0,Keyboard,Accessory,40085.583333333336
C0309,Customer_309,2025-05-09,city_Customer_309,O00538,2024-09-23,Credit Card,1956,P049,4.0,28217.0,Wireless Mouse,Smartphone,61022.0
C0309,Customer_309,2025-05-09,city_Customer_309,O00633,2025-02-09,Credit Card,1528,P025,4.0,56143.0,Dell Inspiron,Laptop,84776.0
C0309,Customer_309,2025-05-09,city_Customer_309,O01039,2025-04-28,Unknown,656,P023,4.0,35626.0,Lenovo Tab,Tablet,48549.107142857145
C0309,Customer_309,2025-05-09,city_Customer_309,O01039,2025-04-28,Unknown,1230,P024,1.0,45881.0,Macbook Air,Smart Phone,37230.45
C0310,Customer_310,2024-06-22,city_Customer_310,O00431,2025-04-20,Upi,1599,P053,1.0,17936.0,Iphone 13,Accessories,24279.52380952381
C0310,Customer_310,2024-06-22,city_Customer_310,O00431,2025-04-20,Upi,1674,P071,3.0,36132.5,Iphone 13,Tablet,65274.0
C0310,Customer_310,2024-06-22,city_Customer_310,O00431,2025-04-20,Upi,1733,P007,2.0,61681.0,Hp Pavilion,Accessories,57956.333333333336
C0310,Customer_310,2024-06-22,city_Customer_310,O00533,2024-08-19,Upi,1713,P062,0.0,43803.0,Dell Inspiron,Tablet,44048.24444444444
C0311,Customer_311,2023-01-30,city_Customer_311,O00017,2025-03-13,Upi,1948,P059,4.0,30040.0,Oneplus,Accessories,33875.24324324324
C0311,Customer_311,2023-01-30,city_Customer_311,O00267,2024-08-02,Debit Card,493,P033,0.0,42539.0,Wireless Mouse,Laptop,47453.0
C0311,Customer_311,2023-01-30,city_Customer_311,O00267,2024-08-02,Debit Card,593,P070,2.0,17778.0,Ipad Air,Tablet,33141.25
C0311,Customer_311,2023-01-30,city_Customer_311,O01045,2024-06-07,Credit Card,240,P065,3.0,27083.0,Dell Inspiron,Smart Phone,58364.0
C0311,Customer_311,2023-01-30,city_Customer_311,O01045,2024-06-07,Credit Card,446,P010,0.0,7238.0,Iphone 13,Smart Phone,41625.760869565216
C0311,Customer_311,2023-01-30,city_Customer_311,O01045,2024-06-07,Credit Card,1283,P075,3.0,67962.0,Iphone 13,Smart Phone,65357.26666666667
C0311,Customer_311,2023-01-30,city_Customer_311,O01045,2024-06-07,Credit Card,1355,P053,0.0,17936.0,Iphone 13,Accessories,24279.52380952381
C0311,Customer_311,2023-01-30,city_Customer_311,O01045,2024-06-07,Credit Card,1973,P038,2.0,58815.0,Xiaomi Redmi,Laptop,53205.84210526316
C0312,Customer_312,2024-10-27,city_Customer_312,O00825,2024-02-09,Upi,1035,P016,0.0,34956.0,Ipad Air,Smart Phone,37730.5
C0312,Customer_312,2024-10-27,city_Customer_312,O00825,2024-02-09,Upi,1339,P076,3.0,58608.0,Wireless Mouse,Accessory,15249.0
C0312,Customer_312,2024-10-27,city_Customer_312,O00876,2025-01-18,Credit Card,582,P031,2.0,70351.0,Samsung Tab,Accessories,57484.28571428572
C0313,Customer_313,2023-07-18,city_Customer_313,O00574,2024-04-13,Upi,428,P065,1.0,27083.0,Dell Inspiron,Smart Phone,58364.0
C0313,Customer_313,2023-07-18,city_Customer_313,O00574,2024-04-13,Upi,1306,P030,2.0,45160.0,Laptop Bag,Accessory,44051.0
C0313,Customer_313,2023-07-18,city_Customer_313,O00661,2024-03-01,Unknown,281,P032,4.0,68636.0,Ipad Air,Tablet,6095.0
C0313,Customer_313,2023-07-18,city_Customer_313,O00681,2024-12-04,Cash On Delivery,549,P002,3.0,63663.0,Samsung Tab,Smartphone,68660.0
C0313,Customer_313,2023-07-18,city_Customer_313,O00681,2024-12-04,Cash On Delivery,1349,P010,2.0,38223.0,Iphone 13,Smart Phone,41625.760869565216
C0313,Customer_313,2023-07-18,city_Customer_313,O00681,2024-12-04,Cash On Delivery,1540,P023,2.0,84153.0,Lenovo Tab,Tablet,48549.107142857145
C0313,Customer_313,2023-07-18,city_Customer_313,O00681,2024-12-04,Cash On Delivery,1792,P037,1.0,36257.0,Iphone 13,Laptop,2571.0
C0313,Customer_313,2023-07-18,city_Customer_313,O00710,2024-06-30,Cash On Delivery,1833,P074,2.0,2501.0,Samsung Tab,Tablet,51600.791666666664
C0313,Customer_313,2023-07-18,city_Customer_313,O01181,2024-09-08,Upi,1795,P043,2.0,77000.0,Usb Hub,Accessory,35204.98387096774
C0315,Customer_315,2023-08-22,city_Customer_315,O00713,2024-03-25,Credit Card,533,P058,3.0,24413.0,Lenovo Ideapad,Smartphone,41597.0
C0316,Customer_316,2023-08-21,city_Customer_316,O01179,2024-02-07,Unknown,898,P072,1.0,54236.0,Dell Inspiron,Tablet,52421.12765957447
C0317,Customer_317,2023-12-13,city_Customer_317,O00091,2024-11-06,Cash On Delivery,1462,P077,2.0,36191.5,Wireless Mouse,Smart Phone,39614.833333333336
C0317,Customer_317,2023-12-13,city_Customer_317,O00091,2024-11-06,Cash On Delivery,1682,P018,1.0,67465.0,Dell Inspiron,Laptop,50919.833333333336
C0317,Customer_317,2023-12-13,city_Customer_317,O00091,2024-11-06,Cash On Delivery,1842,P054,4.0,32153.0,Laptop Bag,Smartphone,34450.0
C0317,Customer_317,2023-12-13,city_Customer_317,O00091,2024-11-06,Cash On Delivery,1935,P073,3.0,74774.0,Lenovo Tab,Accessory,3393.0
C0317,Customer_317,2023-12-13,city_Customer_317,O00727,2024-02-18,Upi,159,P002,1.0,34931.0,Samsung Tab,Smartphone,68660.0
C0317,Customer_317,2023-12-13,city_Customer_317,O00727,2024-02-18,Upi,1534,P073,0.0,59778.0,Lenovo Tab,Accessory,3393.0
C0318,Customer_318,2024-11-29,city_Customer_318,O01009,2024-11-22,Unknown,65,P012,2.0,51743.0,Lenovo Ideapad,Accessory,27157.0
C0318,Customer_318,2024-11-29,city_Customer_318,O01009,2024-11-22,Unknown,1221,P003,1.0,40345.0,Hp Pavilion,Accessories,40489.0
C0318,Customer_318,2024-11-29,city_Customer_318,O01009,2024-11-22,Unknown,1238,P075,2.0,50229.0,Iphone 13,Smart Phone,65357.26666666667
C0319,Customer_319,2025-03-27,city_Customer_319,O00411,2025-04-02,Upi,762,P065,2.0,27083.0,Dell Inspiron,Smart Phone,58364.0
C0319,Customer_319,2025-03-27,city_Customer_319,O01008,2025-02-14,Cash On Delivery,66,P056,4.0,67556.0,Samsung Galaxy,Smart Phone,49022.142857142855
C0319,Customer_319,2025-03-27,city_Customer_319,O01008,2025-02-14,Cash On Delivery,1203,P030,4.0,45160.0,Laptop Bag,Accessory,44051.0
C0319,Customer_319,2025-03-27,city_Customer_319,O01008,2025-02-14,Cash On Delivery,1673,P040,3.0,41485.5,Keyboard,Smartphone,43837.91935483871
C0319,Customer_319,2025-03-27,city_Customer_319,O01074,2024-04-26,Upi,688,P029,1.0,35095.5,Samsung Galaxy,Accessories,39583.26
C0319,Customer_319,2025-03-27,city_Customer_319,O01074,2024-04-26,Upi,699,P033,1.0,59596.0,Wireless Mouse,Laptop,47453.0
C0319,Customer_319,2025-03-27,city_Customer_319,O01074,2024-04-26,Upi,817,P062,0.0,43803.0,Dell Inspiron,Tablet,44048.24444444444
C0320,Customer_320,2023-03-11,city_Customer_320,O00697,2025-04-09,Debit Card,110,P035,0.0,40862.0,Laptop Bag,Laptop,77306.0
C0320,Customer_320,2023-03-11,city_Customer_320,O00837,2024-04-12,Credit Card,1324,P059,1.0,30040.0,Oneplus,Accessories,33875.24324324324
C0321,Customer_321,2023-11-16,city_Customer_321,O00985,2024-03-29,Cash On Delivery,1495,P026,0.0,43771.5,Xiaomi Redmi,Laptop,42897.775862068964
C0321,Customer_321,2023-11-16,city_Customer_321,O01132,2024-12-15,Cash On Delivery,523,P020,3.0,43209.0,Dell Inspiron,Smartphone,42083.15789473684
C0321,Customer_321,2023-11-16,city_Customer_321,O01132,2024-12-15,Cash On Delivery,1136,P064,1.0,57795.5,Lenovo Ideapad,Accessories,81129.0
C0322,Customer_322,2023-08-25,city_Customer_322,O01143,2025-01-29,Cash On Delivery,1040,P067,1.0,29183.5,Usb Hub,Smartphone,33419.208333333336
C0323,Customer_323,2025-02-17,city_Customer_323,O00705,2024-01-23,Debit Card,753,P031,3.0,57914.5,Samsung Tab,Accessories,57484.28571428572
C0323,Customer_323,2025-02-17,city_Customer_323,O00705,2024-01-23,Debit Card,1638,P033,1.0,42539.0,Wireless Mouse,Laptop,47453.0
C0323,Customer_323,2025-02-17,city_Customer_323,O00705,2024-01-23,Debit Card,1963,P015,2.0,65664.0,Laptop Bag,Smart Phone,76755.0
C0324,Customer_324,2024-09-30,city_Customer_324,O00075,2024-07-07,Unknown,188,P062,1.0,43803.0,Dell Inspiron,Tablet,44048.24444444444
C0324,Customer_324,2024-09-30,city_Customer_324,O00075,2024-07-07,Unknown,1266,P071,0.0,77028.0,Iphone 13,Tablet,65274.0
C0324,Customer_324,2024-09-30,city_Customer_324,O00075,2024-07-07,Unknown,1272,P040,2.0,41485.5,Keyboard,Smartphone,43837.91935483871
C0324,Customer_324,2024-09-30,city_Customer_324,O01047,2024-03-04,Debit Card,927,P046,3.0,71194.0,Iphone 13,Accessories,62283.933333333334
C0324,Customer_324,2024-09-30,city_Customer_324,O01100,2025-03-04,Credit Card,359,P002,1.0,59279.0,Samsung Tab,Smartphone,68660.0
C0324,Customer_324,2024-09-30,city_Customer_324,O01100,2025-03-04,Credit Card,647,P040,1.0,45409.0,Keyboard,Smartphone,43837.91935483871
C0325,Customer_325,2023-08-17,city_Customer_325,O00453,2024-10-15,Cash On Delivery,661,P003,2.0,40345.0,Hp Pavilion,Accessories,40489.0
C0326,Customer_326,2023-02-27,city_Customer_326,O00990,2025-02-23,Cash On Delivery,470,P009,3.0,59337.0,Iphone 13,Tablet,70582.0
C0326,Customer_326,2023-02-27,city_Customer_326,O00990,2025-02-23,Cash On Delivery,931,P027,3.0,32491.5,Ipad Air,Smart Phone,40595.0
C0327,Customer_327,2024-02-07,city_Customer_327,O00113,2024-10-16,Upi,561,P037,1.0,2991.0,Iphone 13,Laptop,2571.0
C0327,Customer_327,2024-02-07,city_Customer_327,O00113,2024-10-16,Upi,1295,P033,3.0,69715.0,Wireless Mouse,Laptop,47453.0
C0327,Customer_327,2024-02-07,city_Customer_327,O00113,2024-10-16,Upi,1660,P062,3.0,43803.0,Dell Inspiron,Tablet,44048.24444444444
C0327,Customer_327,2024-02-07,city_Customer_327,O00312,2024-04-17,Upi,39,P052,2.0,52743.0,Xiaomi Redmi,Smart Phone,49998.94117647059
C0327,Customer_327,2024-02-07,city_Customer_327,O00312,2024-04-17,Upi,752,P052,1.0,52743.0,Xiaomi Redmi,Smart Phone,49998.94117647059
C0327,Customer_327,2024-02-07,city_Customer_327,O00312,2024-04-17,Upi,1904,P031,3.0,57914.5,Samsung Tab,Accessories,57484.28571428572
C0328,Customer_328,2024-09-02,city_Customer_328,O00350,2024-04-27,Credit Card,1592,P021,2.0,39340.5,Laptop Bag,Laptop,42623.545454545456
C0328,Customer_328,2024-09-02,city_Customer_328,O00483,2024-12-15,Unknown,924,P060,2.0,30084.0,Usb Hub,Laptop,31558.076923076922
C0328,Customer_328,2024-09-02,city_Customer_328,O00483,2024-12-15,Unknown,1697,P033,4.0,42539.0,Wireless Mouse,Laptop,47453.0
C0328,Customer_328,2024-09-02,city_Customer_328,O00930,2024-05-29,Unknown,944,P040,2.0,41485.5,Keyboard,Smartphone,43837.91935483871
C0329,Customer_329,2024-12-27,city_Customer_329,O00015,2024-02-09,Cash On Delivery,308,P031,2.0,58098.0,Samsung Tab,Accessories,57484.28571428572
C0329,Customer_329,2024-12-27,city_Customer_329,O00015,2024-02-09,Cash On Delivery,514,P065,0.0,21697.0,Dell Inspiron,Smart Phone,58364.0
C0329,Customer_329,2024-12-27,city_Customer_329,O00015,2024-02-09,Cash On Delivery,913,P065,2.0,27083.0,Dell Inspiron,Smart Phone,58364.0
C0329,Customer_329,2024-12-27,city_Customer_329,O00015,2024-02-09,Cash On Delivery,1244,P025,2.0,49252.5,Dell Inspiron,Laptop,84776.0
C0329,Customer_329,2024-12-27,city_Customer_329,O00015,2024-02-09,Cash On Delivery,1532,P075,2.0,56095.0,Iphone 13,Smart Phone,65357.26666666667
C0329,Customer_329,2024-12-27,city_Customer_329,O00015,2024-02-09,Cash On Delivery,1612,P061,1.0,41497.0,Lenovo Tab,Tablet,41829.80952380953
C0329,Customer_329,2024-12-27,city_Customer_329,O00015,2024-02-09,Cash On Delivery,1729,P051,0.0,43166.0,Keyboard,Smart Phone,18522.0
C0329,Customer_329,2024-12-27,city_Customer_329,O00165,2025-02-02,Cash On Delivery,317,P051,1.0,43166.0,Keyboard,Smart Phone,18522.0
C0329,Customer_329,2024-12-27,city_Customer_329,O00165,2025-02-02,Cash On Delivery,530,P039,3.0,53140.0,Xiaomi Redmi,Accessory,69520.0
C0329,Customer_329,2024-12-27,city_Customer_329,O00165,2025-02-02,Cash On Delivery,875,P033,0.0,76814.0,Wireless Mouse,Laptop,47453.0
C0329,Customer_329,2024-12-27,city_Customer_329,O00293,2024-04-06,Upi,572,P019,2.0,38300.0,Samsung Galaxy,Smartphone,40344.217391304344
C0329,Customer_329,2024-12-27,city_Customer_329,O00293,2024-04-06,Upi,664,P034,0.0,32950.0,Laptop Bag,Laptop,37213.31578947369
C0329,Customer_329,2024-12-27,city_Customer_329,O00293,2024-04-06,Upi,968,P020,0.0,72487.0,Dell Inspiron,Smartphone,42083.15789473684
C0329,Customer_329,2024-12-27,city_Customer_329,O00293,2024-04-06,Upi,1099,P051,1.0,32522.0,Keyboard,Smart Phone,18522.0
C0329,Customer_329,2024-12-27,city_Customer_329,O00293,2024-04-06,Upi,1537,P032,2.0,52315.0,Ipad Air,Tablet,6095.0
C0330,Customer_330,2024-04-05,city_Customer_330,O00085,2024-05-14,Cash On Delivery,68,P022,1.0,67925.0,Samsung Tab,Accessory,33689.54878048781
C0330,Customer_330,2024-04-05,city_Customer_330,O00085,2024-05-14,Cash On Delivery,573,P060,2.0,30084.0,Usb Hub,Laptop,31558.076923076922
C0330,Customer_330,2024-04-05,city_Customer_330,O00085,2024-05-14,Cash On Delivery,1261,P046,0.0,76395.0,Iphone 13,Accessories,62283.933333333334
C0330,Customer_330,2024-04-05,city_Customer_330,O00085,2024-05-14,Cash On Delivery,1294,P012,4.0,51743.0,Lenovo Ideapad,Accessory,27157.0
C0330,Customer_330,2024-04-05,city_Customer_330,O00085,2024-05-14,Cash On Delivery,1910,P006,3.0,74364.0,Laptop Bag,Tablet,61785.52173913043
C0330,Customer_330,2024-04-05,city_Customer_330,O00227,2024-01-04,Unknown,1135,P030,3.0,65476.0,Laptop Bag,Accessory,44051.0
C0330,Customer_330,2024-04-05,city_Customer_330,O00227,2024-01-04,Unknown,1205,P064,3.0,57795.5,Lenovo Ideapad,Accessories,81129.0
C0330,Customer_330,2024-04-05,city_Customer_330,O00227,2024-01-04,Unknown,1605,P037,4.0,34495.0,Iphone 13,Laptop,2571.0
C0330,Customer_330,2024-04-05,city_Customer_330,O00530,2024-07-14,Cash On Delivery,692,P073,4.0,59778.0,Lenovo Tab,Accessory,3393.0
C0330,Customer_330,2024-04-05,city_Customer_330,O00530,2024-07-14,Cash On Delivery,1513,P031,1.0,52620.0,Samsung Tab,Accessories,57484.28571428572
C0332,Customer_332,2023-06-19,city_Customer_332,O00543,2024-05-10,Debit Card,1225,P047,2.0,27083.0,Oneplus,Smart Phone,33791.0
C0333,Customer_333,2024-10-30,city_Customer_333,O00186,2024-09-21,Cash On Delivery,70,P029,4.0,47894.0,Samsung Galaxy,Accessories,39583.26
C0333,Customer_333,2024-10-30,city_Customer_333,O00186,2024-09-21,Cash On Delivery,153,P080,2.0,58762.0,Oneplus,Laptop,82478.0
C0333,Customer_333,2024-10-30,city_Customer_333,O00186,2024-09-21,Cash On Delivery,900,P006,3.0,25516.0,Laptop Bag,Tablet,61785.52173913043
C0333,Customer_333,2024-10-30,city_Customer_333,O00186,2024-09-21,Cash On Delivery,1078,P004,2.0,24955.0,Lenovo Tab,Tablet,32011.4
C0333,Customer_333,2024-10-30,city_Customer_333,O00186,2024-09-21,Cash On Delivery,1514,P045,3.0,25258.0,Lenovo Tab,Laptop,50316.055555555555
C0333,Customer_333,2024-10-30,city_Customer_333,O00186,2024-09-21,Cash On Delivery,1952,P068,3.0,53379.0,Xiaomi Redmi,Tablet,43027.0
C0333,Customer_333,2024-10-30,city_Customer_333,O00337,2024-08-15,Cash On Delivery,246,P027,2.0,28405.0,Ipad Air,Smart Phone,40595.0
C0333,Customer_333,2024-10-30,city_Customer_333,O00337,2024-08-15,Cash On Delivery,1053,P062,0.0,43803.0,Dell Inspiron,Tablet,44048.24444444444
C0334,Customer_334,2024-04-23,city_Customer_334,O00232,2024-04-14,Upi,57,P049,0.0,5975.0,Wireless Mouse,Smartphone,61022.0
C0334,Customer_334,2024-04-23,city_Customer_334,O00232,2024-04-14,Upi,71,P078,2.0,74303.0,Usb Hub,Accessory,70378.0
C0334,Customer_334,2024-04-23,city_Customer_334,O00809,2024-05-20,Upi,607,P011,2.0,89620.0,Lenovo Ideapad,Accessories,50263.19047619047
C0334,Customer_334,2024-04-23,city_Customer_334,O00809,2024-05-20,Upi,1348,P010,4.0,38223.0,Iphone 13,Smart Phone,41625.760869565216
C0334,Customer_334,2024-04-23,city_Customer_334,O01086,2024-07-19,Debit Card,333,P014,2.0,10020.0,Xiaomi Redmi,Laptop,5475.0
C0334,Customer_334,2024-04-23,city_Customer_334,O01086,2024-07-19,Debit Card,677,P015,2.0,74869.0,Laptop Bag,Smart Phone,76755.0
C0334,Customer_334,2024-04-23,city_Customer_334,O01086,2024-07-19,Debit Card,1844,P032,4.0,52315.0,Ipad Air,Tablet,6095.0
C0335,Customer_334,2025-01-12,city_Customer_334,O00349,2024-07-13,Cash On Delivery,519,P071,3.0,36132.5,Iphone 13,Tablet,65274.0
C0335,Customer_334,2025-01-12,city_Customer_334,O01102,2024-06-11,Debit Card,1415,P009,3.0,59337.0,Iphone 13,Tablet,70582.0
C0337,Customer_337,2023-01-03,city_Customer_337,O01022,2024-09-20,Credit Card,928,P068,2.0,53379.0,Xiaomi Redmi,Tablet,43027.0
C0337,Customer_337,2023-01-03,city_Customer_337,O01022,2024-09-20,Credit Card,1323,P027,3.0,32491.5,Ipad Air,Smart Phone,40595.0
C0337,Customer_337,2023-01-03,city_Customer_337,O01022,2024-09-20,Credit Card,1527,P058,2.0,57209.0,Lenovo Ideapad,Smartphone,41597.0
C0338,Customer_338,2023-12-26,city_Customer_338,O00552,2025-03-16,Upi,417,P027,3.0,89775.0,Ipad Air,Smart Phone,40595.0
C0338,Customer_338,2023-12-26,city_Customer_338,O00552,2025-03-16,Upi,1693,P005,2.0,37524.5,Oneplus,Tablet,41247.38888888889
C0339,Customer_339,2024-07-28,city_Customer_339,O00045,2024-08-04,Debit Card,383,P056,3.0,50794.0,Samsung Galaxy,Smart Phone,49022.142857142855
C0339,Customer_339,2024-07-28,city_Customer_339,O00045,2024-08-04,Debit Card,1312,P044,4.0,51790.5,Oneplus,Tablet,13294.0
C0339,Customer_339,2024-07-28,city_Customer_339,O00231,2024-06-14,Credit Card,43,P077,3.0,3653.0,Wireless Mouse,Smart Phone,39614.833333333336
C0339,Customer_339,2024-07-28,city_Customer_339,O00231,2024-06-14,Credit Card,958,P057,0.0,15609.0,Lenovo Ideapad,Laptop,27615.0
C0339,Customer_339,2024-07-28,city_Customer_339,O00459,2024-04-27,Debit Card,129,P066,2.0,37100.5,Samsung Tab,Smart Phone,39443.125
C0339,Customer_339,2024-07-28,city_Customer_339,O00459,2024-04-27,Debit Card,614,P056,2.0,50794.0,Samsung Galaxy,Smart Phone,49022.142857142855
C0339,Customer_339,2024-07-28,city_Customer_339,O00459,2024-04-27,Debit Card,1459,P048,2.0,31645.0,Wireless Mouse,Laptop,47676.0
C0339,Customer_339,2024-07-28,city_Customer_339,O00459,2024-04-27,Debit Card,1610,P015,1.0,45033.0,Laptop Bag,Smart Phone,76755.0
C0339,Customer_339,2024-07-28,city_Customer_339,O00459,2024-04-27,Debit Card,1667,P037,3.0,4233.0,Iphone 13,Laptop,2571.0
C0339,Customer_339,2024-07-28,city_Customer_339,O00561,2025-01-28,Unknown,1041,P061,2.0,55463.0,Lenovo Tab,Tablet,41829.80952380953
C0339,Customer_339,2024-07-28,city_Customer_339,O00561,2025-01-28,Unknown,1275,P037,1.0,36257.0,Iphone 13,Laptop,2571.0
C0339,Customer_339,2024-07-28,city_Customer_339,O00735,2024-09-28,Credit Card,996,P041,2.0,41654.5,Laptop Bag,Smart Phone,42118.0
C0339,Customer_339,2024-07-28,city_Customer_339,O00735,2024-09-28,Credit Card,1988,P033,2.0,42539.0,Wireless Mouse,Laptop,47453.0
C0339,Customer_339,2024-07-28,city_Customer_339,O01192,2024-04-23,Cash On Delivery,837,P013,3.0,30560.0,Samsung Galaxy,Smart Phone,51735.0
C0339,Customer_339,2024-07-28,city_Customer_339,O01192,2024-04-23,Cash On Delivery,959,P066,1.0,23433.0,Samsung Tab,Smart Phone,39443.125
C0339,Customer_339,2024-07-28,city_Customer_339,O01192,2024-04-23,Cash On Delivery,1953,P065,3.0,27083.0,Dell Inspiron,Smart Phone,58364.0
C0340,Customer_340,2024-01-25,city_Customer_340,O00133,2024-04-23,Upi,459,P022,2.0,59761.0,Samsung Tab,Accessory,33689.54878048781
C0340,Customer_340,2024-01-25,city_Customer_340,O00413,2024-10-22,Cash On Delivery,521,P078,4.0,46377.0,Usb Hub,Accessory,70378.0
C0340,Customer_340,2024-01-25,city_Customer_340,O00624,2024-01-03,Unknown,137,P076,0.0,58608.0,Wireless Mouse,Accessory,15249.0
C0340,Customer_340,2024-01-25,city_Customer_340,O00624,2024-01-03,Unknown,1269,P046,2.0,71194.0,Iphone 13,Accessories,62283.933333333334
C0340,Customer_340,2024-01-25,city_Customer_340,O00947,2025-01-05,Upi,114,P065,4.0,4482.0,Dell Inspiron,Smart Phone,58364.0
C0340,Customer_340,2024-01-25,city_Customer_340,O00947,2025-01-05,Upi,540,P031,1.0,57914.5,Samsung Tab,Accessories,57484.28571428572
C0340,Customer_340,2024-01-25,city_Customer_340,O00947,2025-01-05,Upi,842,P068,3.0,72470.0,Xiaomi Redmi,Tablet,43027.0
C0340,Customer_340,2024-01-25,city_Customer_340,O00947,2025-01-05,Upi,1260,P062,0.0,43803.0,Dell Inspiron,Tablet,44048.24444444444
C0342,Customer_342,2023-02-20,city_Customer_342,O00043,2024-09-14,Cash On Delivery,1343,P007,3.0,63661.0,Hp Pavilion,Accessories,57956.333333333336
C0342,Customer_342,2023-02-20,city_Customer_342,O00043,2024-09-14,Cash On Delivery,1723,P055,0.0,40760.0,Keyboard,Accessory,40085.583333333336
C0342,Customer_342,2023-02-20,city_Customer_342,O01099,2025-06-05,Credit Card,312,P056,3.0,59240.0,Samsung Galaxy,Smart Phone,49022.142857142855
C0342,Customer_342,2023-02-20,city_Customer_342,O01099,2025-06-05,Credit Card,660,P010,1.0,38223.0,Iphone 13,Smart Phone,41625.760869565216
C0342,Customer_342,2023-02-20,city_Customer_342,O01099,2025-06-05,Credit Card,1192,P020,3.0,42154.0,Dell Inspiron,Smartphone,42083.15789473684
C0342,Customer_342,2023-02-20,city_Customer_342,O01099,2025-06-05,Credit Card,1912,P060,1.0,55173.0,Usb Hub,Laptop,31558.076923076922
C0343,Customer_343,2024-01-17,city_Customer_343,O00426,2024-01-31,Cash On Delivery,38,P021,3.0,39340.5,Laptop Bag,Laptop,42623.545454545456
C0343,Customer_343,2024-01-17,city_Customer_343,O00426,2024-01-31,Cash On Delivery,1256,P020,4.0,42154.0,Dell Inspiron,Smartphone,42083.15789473684
C0343,Customer_343,2024-01-17,city_Customer_343,O00426,2024-01-31,Cash On Delivery,1457,P072,0.0,54236.0,Dell Inspiron,Tablet,52421.12765957447
C0344,Customer_344,2023-07-17,city_Customer_344,O00275,2024-07-25,Upi,402,P063,2.0,55126.0,Wireless Mouse,Accessories,49252.851851851854
C0344,Customer_344,2023-07-17,city_Customer_344,O00492,2025-04-03,Credit Card,883,P048,4.0,22799.0,Wireless Mouse,Laptop,47676.0
C0344,Customer_344,2023-07-17,city_Customer_344,O00492,2025-04-03,Credit Card,1177,P017,1.0,33752.0,Keyboard,Smartphone,53396.91025641026
C0344,Customer_344,2023-07-17,city_Customer_344,O01054,2024-06-29,Cash On Delivery,411,P072,0.0,85189.0,Dell Inspiron,Tablet,52421.12765957447
C0344,Customer_344,2023-07-17,city_Customer_344,O01054,2024-06-29,Cash On Delivery,971,P066,2.0,35025.0,Samsung Tab,Smart Phone,39443.125
C0344,Customer_344,2023-07-17,city_Customer_344,O01185,2024-01-25,Credit Card,64,P059,1.0,30040.0,Oneplus,Accessories,33875.24324324324
C0344,Customer_344,2023-07-17,city_Customer_344,O01185,2024-01-25,Credit Card,760,P013,3.0,30560.0,Samsung Galaxy,Smart Phone,51735.0
C0345,Customer_345,2024-04-30,city_Customer_345,O00716,2024-06-28,Credit Card,247,P022,3.0,25651.0,Samsung Tab,Accessory,33689.54878048781
C0345,Customer_345,2024-04-30,city_Customer_345,O00716,2024-06-28,Credit Card,1200,P067,2.0,29183.5,Usb Hub,Smartphone,33419.208333333336
C0345,Customer_345,2024-04-30,city_Customer_345,O00716,2024-06-28,Credit Card,1451,P067,0.0,29183.5,Usb Hub,Smartphone,33419.208333333336
C0345,Customer_345,2024-04-30,city_Customer_345,O01103,2024-03-22,Unknown,997,P011,2.0,33021.0,Lenovo Ideapad,Accessories,50263.19047619047
C0345,Customer_345,2024-04-30,city_Customer_345,O01103,2024-03-22,Unknown,1211,P047,2.0,27083.0,Oneplus,Smart Phone,33791.0
C0345,Customer_345,2024-04-30,city_Customer_345,O01103,2024-03-22,Unknown,1439,P074,1.0,82821.0,Samsung Tab,Tablet,51600.791666666664
C0345,Customer_345,2024-04-30,city_Customer_345,O01103,2024-03-22,Unknown,1884,P054,1.0,49038.0,Laptop Bag,Smartphone,34450.0
C0346,Customer_345,2023-09-11,city_Customer_345,O00815,2024-07-06,Upi,1966,P058,1.0,24413.0,Lenovo Ideapad,Smartphone,41597.0
C0347,Customer_347,2023-02-11,city_Customer_347,O00183,2024-07-24,Cash On Delivery,391,P072,2.0,63332.0,Dell Inspiron,Tablet,52421.12765957447
C0347,Customer_347,2023-02-11,city_Customer_347,O01178,2024-11-28,Cash On Delivery,474,P022,3.0,31350.5,Samsung Tab,Accessory,33689.54878048781
C0347,Customer_347,2023-02-11,city_Customer_347,O01178,2024-11-28,Cash On Delivery,554,P072,1.0,59291.0,Dell Inspiron,Tablet,52421.12765957447
C0347,Customer_347,2023-02-11,city_Customer_347,O01178,2024-11-28,Cash On Delivery,1828,P048,2.0,31645.0,Wireless Mouse,Laptop,47676.0
C0348,Customer_348,2023-03-06,city_Customer_348,O00131,2024-06-14,Unknown,148,P043,0.0,15174.0,Usb Hub,Accessory,35204.98387096774
C0348,Customer_348,2023-03-06,city_Customer_348,O00131,2024-06-14,Unknown,335,P053,0.0,47007.0,Iphone 13,Accessories,24279.52380952381
C0348,Customer_348,2023-03-06,city_Customer_348,O00131,2024-06-14,Unknown,655,P072,3.0,83877.0,Dell Inspiron,Tablet,52421.12765957447
C0348,Customer_348,2023-03-06,city_Customer_348,O00131,2024-06-14,Unknown,1477,P061,2.0,41497.0,Lenovo Tab,Tablet,41829.80952380953
C0348,Customer_348,2023-03-06,city_Customer_348,O00131,2024-06-14,Unknown,1613,P012,1.0,8460.0,Lenovo Ideapad,Accessory,27157.0
C0348,Customer_348,2023-03-06,city_Customer_348,O00660,2024-12-05,Cash On Delivery,56,P032,3.0,52315.0,Ipad Air,Tablet,6095.0
C0348,Customer_348,2023-03-06,city_Customer_348,O00953,2025-02-27,Debit Card,105,P008,0.0,37548.5,Hp Pavilion,Accessory,38717.39473684211
C0348,Customer_348,2023-03-06,city_Customer_348,O00953,2025-02-27,Debit Card,416,P025,4.0,49252.5,Dell Inspiron,Laptop,84776.0
C0348,Customer_348,2023-03-06,city_Customer_348,O00953,2025-02-27,Debit Card,571,P044,3.0,44156.0,Oneplus,Tablet,13294.0
C0348,Customer_348,2023-03-06,city_Customer_348,O00953,2025-02-27,Debit Card,1692,P068,4.0,53379.0,Xiaomi Redmi,Tablet,43027.0
C0349,Customer_349,2023-09-21,city_Customer_349,O00316,2024-12-20,Unknown,368,P063,1.0,55126.0,Wireless Mouse,Accessories,49252.851851851854
C0349,Customer_349,2023-09-21,city_Customer_349,O01003,2024-07-03,Upi,1222,P041,1.0,41654.5,Laptop Bag,Smart Phone,42118.0
C0350,Customer_350,2024-09-12,city_Customer_350,O00039,2024-08-30,Credit Card,1213,P052,1.0,52743.0,Xiaomi Redmi,Smart Phone,49998.94117647059
C0350,Customer_350,2024-09-12,city_Customer_350,O00424,2025-01-13,Credit Card,956,P028,3.0,36853.5,Samsung Galaxy,Tablet,35571.85294117647
C0350,Customer_350,2024-09-12,city_Customer_350,O00715,2024-07-23,Unknown,710,P027,3.0,30474.0,Ipad Air,Smart Phone,40595.0
C0350,Customer_350,2024-09-12,city_Customer_350,O00715,2024-07-23,Unknown,1494,P031,2.0,57914.5,Samsung Tab,Accessories,57484.28571428572
C0350,Customer_350,2024-09-12,city_Customer_350,O00715,2024-07-23,Unknown,1650,P012,1.0,51743.0,Lenovo Ideapad,Accessory,27157.0
C0350,Customer_350,2024-09-12,city_Customer_350,O00822,2024-05-11,Upi,773,P069,2.0,66329.0,Usb Hub,Laptop,39186.36842105263
C0350,Customer_350,2024-09-12,city_Customer_350,O00822,2024-05-11,Upi,1489,P022,0.0,31350.5,Samsung Tab,Accessory,33689.54878048781
C0350,Customer_350,2024-09-12,city_Customer_350,O00822,2024-05-11,Upi,1943,P068,1.0,53379.0,Xiaomi Redmi,Tablet,43027.0
C0350,Customer_350,2024-09-12,city_Customer_350,O00935,2024-09-13,Credit Card,264,P063,1.0,55126.0,Wireless Mouse,Accessories,49252.851851851854
C0351,Customer_351,2023-12-10,city_Customer_351,O00519,2024-10-30,Cash On Delivery,339,P064,2.0,57795.5,Lenovo Ideapad,Accessories,81129.0
C0351,Customer_351,2023-12-10,city_Customer_351,O00519,2024-10-30,Cash On Delivery,429,P052,0.0,18830.0,Xiaomi Redmi,Smart Phone,49998.94117647059
C0351,Customer_351,2023-12-10,city_Customer_351,O00832,2024-06-14,Upi,1123,P068,3.0,53379.0,Xiaomi Redmi,Tablet,43027.0
C0352,Customer_352,2023-02-14,city_Customer_352,O00245,2025-02-24,Cash On Delivery,1419,P050,4.0,53856.0,Lenovo Ideapad,Tablet,59514.0
C0353,Customer_353,2024-12-07,city_Customer_353,O00278,2024-01-05,Upi,853,P010,2.0,23970.0,Iphone 13,Smart Phone,41625.760869565216
C0353,Customer_353,2024-12-07,city_Customer_353,O00458,2024-10-02,Credit Card,650,P040,2.0,17163.0,Keyboard,Smartphone,43837.91935483871
C0353,Customer_353,2024-12-07,city_Customer_353,O00458,2024-10-02,Credit Card,792,P032,2.0,12440.0,Ipad Air,Tablet,6095.0
C0353,Customer_353,2024-12-07,city_Customer_353,O00458,2024-10-02,Credit Card,967,P018,2.0,48708.5,Dell Inspiron,Laptop,50919.833333333336
C0353,Customer_353,2024-12-07,city_Customer_353,O00471,2025-06-04,Unknown,754,P043,3.0,17304.0,Usb Hub,Accessory,35204.98387096774
C0354,Customer_354,2023-11-01,city_Customer_354,O00104,2024-05-23,Upi,1101,P033,0.0,58232.0,Wireless Mouse,Laptop,47453.0
C0354,Customer_354,2023-11-01,city_Customer_354,O00104,2024-05-23,Upi,1151,P061,1.0,20923.0,Lenovo Tab,Tablet,41829.80952380953
C0356,Customer_356,2023-01-25,city_Customer_356,O00089,2024-09-30,Unknown,858,P052,4.0,52743.0,Xiaomi Redmi,Smart Phone,49998.94117647059
C0358,Customer_358,2025-03-05,city_Customer_358,O00262,2024-08-04,Cash On Delivery,24,P005,3.0,64252.0,Oneplus,Tablet,41247.38888888889
C0358,Customer_358,2025-03-05,city_Customer_358,O00262,2024-08-04,Cash On Delivery,98,P024,2.0,42160.0,Macbook Air,Smart Phone,37230.45
C0358,Customer_358,2025-03-05,city_Customer_358,O00262,2024-08-04,Cash On Delivery,581,P003,3.0,40345.0,Hp Pavilion,Accessories,40489.0
C0358,Customer_358,2025-03-05,city_Customer_358,O00315,2025-04-29,Unknown,1468,P002,4.0,63506.0,Samsung Tab,Smartphone,68660.0
C0358,Customer_358,2025-03-05,city_Customer_358,O00315,2025-04-29,Unknown,1809,P078,2.0,12662.0,Usb Hub,Accessory,70378.0
C0358,Customer_358,2025-03-05,city_Customer_358,O00651,2024-10-25,Unknown,108,P033,2.0,61817.0,Wireless Mouse,Laptop,47453.0
C0359,Customer_359,2024-03-16,city_Customer_359,O00425,2025-03-22,Cash On Delivery,200,P030,3.0,16064.0,Laptop Bag,Accessory,44051.0
C0359,Customer_359,2024-03-16,city_Customer_359,O00425,2025-03-22,Cash On Delivery,873,P020,3.0,42154.0,Dell Inspiron,Smartphone,42083.15789473684
C0359,Customer_359,2024-03-16,city_Customer_359,O00425,2025-03-22,Cash On Delivery,1711,P024,2.0,34391.5,Macbook Air,Smart Phone,37230.45
C0360,Customer_360,2024-05-23,city_Customer_360,O00174,2025-03-21,Credit Card,479,P057,2.0,29009.0,Lenovo Ideapad,Laptop,27615.0
C0360,Customer_360,2024-05-23,city_Customer_360,O00174,2025-03-21,Credit Card,609,P079,4.0,53168.5,Oneplus,Tablet,49850.653846153844
C0360,Customer_360,2024-05-23,city_Customer_360,O00300,2025-04-04,Upi,268,P022,2.0,31350.5,Samsung Tab,Accessory,33689.54878048781
C0360,Customer_360,2024-05-23,city_Customer_360,O00300,2025-04-04,Upi,810,P054,3.0,49038.0,Laptop Bag,Smartphone,34450.0
C0360,Customer_360,2024-05-23,city_Customer_360,O00300,2025-04-04,Upi,921,P012,2.0,50028.0,Lenovo Ideapad,Accessory,27157.0
C0360,Customer_360,2024-05-23,city_Customer_360,O00300,2025-04-04,Upi,982,P068,0.0,53459.0,Xiaomi Redmi,Tablet,43027.0
C0360,Customer_360,2024-05-23,city_Customer_360,O00474,2024-01-31,Cash On Delivery,516,P041,2.0,18536.0,Laptop Bag,Smart Phone,42118.0
C0360,Customer_360,2024-05-23,city_Customer_360,O01089,2024-11-16,Upi,221,P022,1.0,31350.5,Samsung Tab,Accessory,33689.54878048781
C0360,Customer_360,2024-05-23,city_Customer_360,O01089,2024-11-16,Upi,452,P034,3.0,32950.0,Laptop Bag,Laptop,37213.31578947369
C0360,Customer_360,2024-05-23,city_Customer_360,O01089,2024-11-16,Upi,468,P028,2.0,36853.5,Samsung Galaxy,Tablet,35571.85294117647
C0360,Customer_360,2024-05-23,city_Customer_360,O01089,2024-11-16,Upi,1567,P041,0.0,60933.0,Laptop Bag,Smart Phone,42118.0
C0361,Customer_361,2023-11-07,city_Customer_361,O00677,2024-12-12,Cash On Delivery,1077,P017,1.0,54245.5,Keyboard,Smartphone,53396.91025641026
C0361,Customer_361,2023-11-07,city_Customer_361,O00795,2024-12-12,Upi,1780,P001,4.0,32938.0,Lenovo Ideapad,Tablet,28151.0
C0361,Customer_361,2023-11-07,city_Customer_361,O00795,2024-12-12,Upi,1978,P022,2.0,31350.5,Samsung Tab,Accessory,33689.54878048781
C0361,Customer_361,2023-11-07,city_Customer_361,O01011,2024-10-20,Upi,1292,P043,3.0,52631.0,Usb Hub,Accessory,35204.98387096774
C0361,Customer_361,2023-11-07,city_Customer_361,O01052,2024-12-25,Upi,1374,P036,4.0,25557.0,Lenovo Ideapad,Tablet,40888.2
C0362,Customer_362,2024-09-13,city_Customer_362,O00226,2024-07-19,Cash On Delivery,1782,P045,3.0,53419.5,Lenovo Tab,Laptop,50316.055555555555
C0362,Customer_362,2024-09-13,city_Customer_362,O00249,2024-10-18,Upi,1685,P043,1.0,44514.0,Usb Hub,Accessory,35204.98387096774
C0363,Customer_363,2024-04-16,city_Customer_363,O00215,2025-01-11,Credit Card,765,P033,0.0,50638.0,Wireless Mouse,Laptop,47453.0
C0363,Customer_363,2024-04-16,city_Customer_363,O00215,2025-01-11,Credit Card,972,P063,2.0,55126.0,Wireless Mouse,Accessories,49252.851851851854
C0363,Customer_363,2024-04-16,city_Customer_363,O00215,2025-01-11,Credit Card,1308,P028,2.0,36853.5,Samsung Galaxy,Tablet,35571.85294117647
C0363,Customer_363,2024-04-16,city_Customer_363,O00414,2024-06-09,Cash On Delivery,935,P047,0.0,27083.0,Oneplus,Smart Phone,33791.0
C0363,Customer_363,2024-04-16,city_Customer_363,O00414,2024-06-09,Cash On Delivery,1908,P078,3.0,46377.0,Usb Hub,Accessory,70378.0
C0363,Customer_363,2024-04-16,city_Customer_363,O00763,2024-05-08,Upi,612,P048,2.0,31645.0,Wireless Mouse,Laptop,47676.0
C0363,Customer_363,2024-04-16,city_Customer_363,O01057,2024-09-17,Cash On Delivery,407,P045,1.0,65410.0,Lenovo Tab,Laptop,50316.055555555555
C0363,Customer_363,2024-04-16,city_Customer_363,O01057,2024-09-17,Cash On Delivery,425,P019,1.0,84345.0,Samsung Galaxy,Smartphone,40344.217391304344
C0363,Customer_363,2024-04-16,city_Customer_363,O01057,2024-09-17,Cash On Delivery,447,P076,1.0,65737.0,Wireless Mouse,Accessory,15249.0
C0363,Customer_363,2024-04-16,city_Customer_363,O01057,2024-09-17,Cash On Delivery,653,P080,2.0,56159.0,Oneplus,Laptop,82478.0
C0364,Customer_364,2023-03-22,city_Customer_364,O00521,2024-12-30,Cash On Delivery,1817,P052,0.0,31560.0,Xiaomi Redmi,Smart Phone,49998.94117647059
C0364,Customer_364,2023-03-22,city_Customer_364,O00754,2024-11-17,Cash On Delivery,991,P033,2.0,57995.0,Wireless Mouse,Laptop,47453.0
C0364,Customer_364,2023-03-22,city_Customer_364,O00754,2024-11-17,Cash On Delivery,1288,P015,2.0,65664.0,Laptop Bag,Smart Phone,76755.0
C0364,Customer_364,2023-03-22,city_Customer_364,O00754,2024-11-17,Cash On Delivery,1845,P033,4.0,42539.0,Wireless Mouse,Laptop,47453.0
C0364,Customer_364,2023-03-22,city_Customer_364,O00755,2024-06-05,Upi,414,P076,4.0,61671.0,Wireless Mouse,Accessory,15249.0
C0364,Customer_364,2023-03-22,city_Customer_364,O00755,2024-06-05,Upi,453,P057,1.0,33764.0,Lenovo Ideapad,Laptop,27615.0
C0364,Customer_364,2023-03-22,city_Customer_364,O00755,2024-06-05,Upi,1326,P054,2.0,49038.0,Laptop Bag,Smartphone,34450.0
C0364,Customer_364,2023-03-22,city_Customer_364,O00755,2024-06-05,Upi,1436,P002,4.0,59279.0,Samsung Tab,Smartphone,68660.0
C0365,Customer_365,2025-02-09,city_Customer_365,O00915,2024-06-25,Cash On Delivery,658,P062,3.0,76680.0,Dell Inspiron,Tablet,44048.24444444444
C0366,Customer_366,2023-03-08,city_Customer_366,O01018,2024-02-21,Upi,310,P050,1.0,39396.0,Lenovo Ideapad,Tablet,59514.0
C0366,Customer_366,2023-03-08,city_Customer_366,O01172,2024-05-03,Unknown,1114,P023,2.0,47118.0,Lenovo Tab,Tablet,48549.107142857145
C0367,Customer_367,2024-07-19,city_Customer_367,O00014,2024-05-05,Debit Card,505,P044,3.0,51790.5,Oneplus,Tablet,13294.0
C0367,Customer_367,2024-07-19,city_Customer_367,O00014,2024-05-05,Debit Card,1249,P039,2.0,53140.0,Xiaomi Redmi,Accessory,69520.0
C0367,Customer_367,2024-07-19,city_Customer_367,O00457,2025-02-20,Cash On Delivery,1738,P044,1.0,86168.0,Oneplus,Tablet,13294.0
C0369,Customer_369,2023-09-29,city_Customer_369,O00728,2024-01-12,Upi,1622,P077,4.0,36191.5,Wireless Mouse,Smart Phone,39614.833333333336
C0370,Customer_370,2023-04-09,city_Customer_370,O00333,2024-09-06,Upi,77,P021,0.0,26913.0,Laptop Bag,Laptop,42623.545454545456
C0370,Customer_370,2023-04-09,city_Customer_370,O00333,2024-09-06,Upi,1134,P043,2.0,32759.5,Usb Hub,Accessory,35204.98387096774
C0370,Customer_370,2023-04-09,city_Customer_370,O00333,2024-09-06,Upi,1836,P038,4.0,71798.0,Xiaomi Redmi,Laptop,53205.84210526316
C0370,Customer_370,2023-04-09,city_Customer_370,O00410,2024-06-17,Credit Card,1728,P037,0.0,70501.0,Iphone 13,Laptop,2571.0
C0370,Customer_370,2023-04-09,city_Customer_370,O00485,2024-01-24,Credit Card,634,P001,2.0,32938.0,Lenovo Ideapad,Tablet,28151.0
C0370,Customer_370,2023-04-09,city_Customer_370,O00485,2024-01-24,Credit Card,970,P066,4.0,37100.5,Samsung Tab,Smart Phone,39443.125
C0370,Customer_370,2023-04-09,city_Customer_370,O00485,2024-01-24,Credit Card,1409,P054,2.0,24720.0,Laptop Bag,Smartphone,34450.0
C0370,Customer_370,2023-04-09,city_Customer_370,O00485,2024-01-24,Credit Card,1633,P059,2.0,6466.0,Oneplus,Accessories,33875.24324324324
C0371,Customer_371,2024-04-02,city_Customer_371,O01026,2024-01-28,Credit Card,1672,P062,4.0,43803.0,Dell Inspiron,Tablet,44048.24444444444
C0372,Customer_372,2024-03-02,city_Customer_372,O00274,2024-02-28,Cash On Delivery,1946,P035,1.0,65120.0,Laptop Bag,Laptop,77306.0
C0372,Customer_372,2024-03-02,city_Customer_372,O00422,2025-09-02,Credit Card,405,P075,3.0,67962.0,Iphone 13,Smart Phone,65357.26666666667
C0372,Customer_372,2024-03-02,city_Customer_372,O01069,2025-02-18,Upi,669,P011,4.0,49358.0,Lenovo Ideapad,Accessories,50263.19047619047
C0372,Customer_372,2024-03-02,city_Customer_372,O01069,2025-02-18,Upi,676,P015,2.0,59238.0,Laptop Bag,Smart Phone,76755.0
C0373,Customer_373,2023-08-29,city_Customer_373,O00615,2024-04-01,Debit Card,82,P052,1.0,66145.0,Xiaomi Redmi,Smart Phone,49998.94117647059
C0373,Customer_373,2023-08-29,city_Customer_373,O00615,2024-04-01,Debit Card,213,P022,0.0,74631.0,Samsung Tab,Accessory,33689.54878048781
C0373,Customer_373,2023-08-29,city_Customer_373,O00615,2024-04-01,Debit Card,282,P045,2.0,53419.5,Lenovo Tab,Laptop,50316.055555555555
C0373,Customer_373,2023-08-29,city_Customer_373,O00615,2024-04-01,Debit Card,1572,P032,2.0,74348.0,Ipad Air,Tablet,6095.0
C0373,Customer_373,2023-08-29,city_Customer_373,O00615,2024-04-01,Debit Card,1594,P048,0.0,3449.0,Wireless Mouse,Laptop,47676.0
C0373,Customer_373,2023-08-29,city_Customer_373,O00759,2025-02-02,Unknown,700,P046,2.0,4392.0,Iphone 13,Accessories,62283.933333333334
C0373,Customer_373,2023-08-29,city_Customer_373,O00842,2024-10-04,Credit Card,1563,P069,2.0,60021.0,Usb Hub,Laptop,39186.36842105263
C0374,Customer_374,2025-02-16,city_Customer_374,O00871,2024-03-15,Cash On Delivery,103,P039,0.0,53140.0,Xiaomi Redmi,Accessory,69520.0
C0374,Customer_374,2025-02-16,city_Customer_374,O00871,2024-03-15,Cash On Delivery,494,P074,1.0,51444.0,Samsung Tab,Tablet,51600.791666666664
C0374,Customer_374,2025-02-16,city_Customer_374,O00871,2024-03-15,Cash On Delivery,1498,P008,4.0,37548.5,Hp Pavilion,Accessory,38717.39473684211
C0374,Customer_374,2025-02-16,city_Customer_374,O00871,2024-03-15,Cash On Delivery,1765,P006,3.0,53417.0,Laptop Bag,Tablet,61785.52173913043
C0374,Customer_374,2025-02-16,city_Customer_374,O00871,2024-03-15,Cash On Delivery,1919,P075,2.0,72184.0,Iphone 13,Smart Phone,65357.26666666667
C0374,Customer_374,2025-02-16,city_Customer_374,O01191,2024-06-20,Debit Card,887,P022,2.0,65655.0,Samsung Tab,Accessory,33689.54878048781
C0374,Customer_374,2025-02-16,city_Customer_374,O01191,2024-06-20,Debit Card,1050,P034,2.0,32950.0,Laptop Bag,Laptop,37213.31578947369
C0374,Customer_374,2025-02-16,city_Customer_374,O01191,2024-06-20,Debit Card,1372,P076,2.0,89156.0,Wireless Mouse,Accessory,15249.0
C0374,Customer_374,2025-02-16,city_Customer_374,O01191,2024-06-20,Debit Card,1751,P034,0.0,12394.0,Laptop Bag,Laptop,37213.31578947369
C0375,Customer_375,2023-10-28,city_Customer_375,O00577,2025-04-21,Credit Card,421,P077,0.0,34177.0,Wireless Mouse,Smart Phone,39614.833333333336
C0375,Customer_375,2023-10-28,city_Customer_375,O00577,2025-04-21,Credit Card,747,P017,1.0,51939.0,Keyboard,Smartphone,53396.91025641026
C0375,Customer_375,2023-10-28,city_Customer_375,O00577,2025-04-21,Credit Card,888,P026,1.0,37838.0,Xiaomi Redmi,Laptop,42897.775862068964
C0375,Customer_375,2023-10-28,city_Customer_375,O00577,2025-04-21,Credit Card,1680,P005,0.0,66857.0,Oneplus,Tablet,41247.38888888889
C0375,Customer_375,2023-10-28,city_Customer_375,O00650,2025-06-02,Upi,630,P052,0.0,83661.0,Xiaomi Redmi,Smart Phone,49998.94117647059
C0375,Customer_375,2023-10-28,city_Customer_375,O00848,2024-05-03,Unknown,1279,P022,3.0,9588.0,Samsung Tab,Accessory,33689.54878048781
C0375,Customer_375,2023-10-28,city_Customer_375,O00848,2024-05-03,Unknown,1806,P012,2.0,11798.0,Lenovo Ideapad,Accessory,27157.0
C0377,Customer_377,2023-07-23,city_Customer_377,O00347,2024-04-05,Credit Card,1235,P072,2.0,56618.0,Dell Inspiron,Tablet,52421.12765957447
C0378,Customer_378,2023-09-09,city_Customer_378,O00055,2025-03-22,Debit Card,358,P050,2.0,82192.0,Lenovo Ideapad,Tablet,59514.0
C0378,Customer_378,2023-09-09,city_Customer_378,O00055,2025-03-22,Debit Card,1017,P065,1.0,79727.0,Dell Inspiron,Smart Phone,58364.0
C0379,Customer_379,2024-08-15,city_Customer_379,O00351,2025-04-03,Credit Card,285,P016,2.0,1124.0,Ipad Air,Smart Phone,37730.5
C0379,Customer_379,2024-08-15,city_Customer_379,O00351,2025-04-03,Credit Card,679,P074,1.0,89258.0,Samsung Tab,Tablet,51600.791666666664
C0379,Customer_379,2024-08-15,city_Customer_379,O00920,2025-01-27,Debit Card,96,P003,2.0,31116.0,Hp Pavilion,Accessories,40489.0
C0379,Customer_379,2024-08-15,city_Customer_379,O00920,2025-01-27,Debit Card,381,P033,0.0,42539.0,Wireless Mouse,Laptop,47453.0
C0379,Customer_379,2024-08-15,city_Customer_379,O00920,2025-01-27,Debit Card,766,P046,4.0,71194.0,Iphone 13,Accessories,62283.933333333334
C0380,Customer_380,2024-02-10,city_Customer_380,O00539,2024-09-24,Cash On Delivery,1098,P011,1.0,49358.0,Lenovo Ideapad,Accessories,50263.19047619047
C0380,Customer_380,2024-02-10,city_Customer_380,O00844,2024-07-06,Upi,186,P047,2.0,27083.0,Oneplus,Smart Phone,33791.0
C0380,Customer_380,2024-02-10,city_Customer_380,O00909,2025-01-11,Cash On Delivery,286,P071,0.0,9421.0,Iphone 13,Tablet,65274.0
C0380,Customer_380,2024-02-10,city_Customer_380,O00909,2025-01-11,Cash On Delivery,1807,P022,1.0,31350.5,Samsung Tab,Accessory,33689.54878048781
C0382,Customer_382,2025-04-07,city_Customer_382,O00551,2024-02-02,Credit Card,720,P063,0.0,55126.0,Wireless Mouse,Accessories,49252.851851851854
C0383,Customer_383,2023-02-07,city_Customer_383,O00128,2025-03-31,Credit Card,141,P033,2.0,42539.0,Wireless Mouse,Laptop,47453.0
C0383,Customer_383,2023-02-07,city_Customer_383,O00128,2025-03-31,Credit Card,672,P024,2.0,34391.5,Macbook Air,Smart Phone,37230.45
C0383,Customer_383,2023-02-07,city_Customer_383,O00128,2025-03-31,Credit Card,1771,P013,3.0,30560.0,Samsung Galaxy,Smart Phone,51735.0
C0383,Customer_383,2023-02-07,city_Customer_383,O00128,2025-03-31,Credit Card,1821,P010,1.0,19399.0,Iphone 13,Smart Phone,41625.760869565216
C0384,Customer_384,2025-04-18,city_Customer_384,O00033,2024-06-08,Upi,1202,P050,3.0,53856.0,Lenovo Ideapad,Tablet,59514.0
C0384,Customer_384,2025-04-18,city_Customer_384,O00622,2025-01-07,Credit Card,465,P079,2.0,53168.5,Oneplus,Tablet,49850.653846153844
C0385,Customer_385,2024-01-18,city_Customer_385,O00670,2025-02-25,Cash On Delivery,891,P072,3.0,54236.0,Dell Inspiron,Tablet,52421.12765957447
C0385,Customer_385,2024-01-18,city_Customer_385,O00670,2025-02-25,Cash On Delivery,1823,P017,3.0,54245.5,Keyboard,Smartphone,53396.91025641026
C0386,Customer_385,2023-08-27,city_Customer_385,O00012,2024-12-17,Cash On Delivery,695,P073,4.0,59778.0,Lenovo Tab,Accessory,3393.0
C0386,Customer_385,2023-08-27,city_Customer_385,O00012,2024-12-17,Cash On Delivery,1874,P062,1.0,43803.0,Dell Inspiron,Tablet,44048.24444444444
C0386,Customer_385,2023-08-27,city_Customer_385,O00284,2024-11-18,Credit Card,1474,P056,1.0,50794.0,Samsung Galaxy,Smart Phone,49022.142857142855
C0387,Customer_387,2024-09-06,city_Customer_387,O00230,2024-10-24,Upi,169,P039,1.0,53140.0,Xiaomi Redmi,Accessory,69520.0
C0387,Customer_387,2024-09-06,city_Customer_387,O00513,2024-05-03,Upi,1583,P035,4.0,33402.0,Laptop Bag,Laptop,77306.0
C0387,Customer_387,2024-09-06,city_Customer_387,O00513,2024-05-03,Upi,1855,P011,1.0,49358.0,Lenovo Ideapad,Accessories,50263.19047619047
C0387,Customer_387,2024-09-06,city_Customer_387,O00685,2024-08-17,Credit Card,1533,P073,0.0,59778.0,Lenovo Tab,Accessory,3393.0
C0387,Customer_387,2024-09-06,city_Customer_387,O00685,2024-08-17,Credit Card,1665,P022,1.0,31350.5,Samsung Tab,Accessory,33689.54878048781
C0389,Customer_389,2024-06-08,city_Customer_389,O00124,2024-03-27,Credit Card,62,P021,1.0,35077.0,Laptop Bag,Laptop,42623.545454545456
C0389,Customer_389,2024-06-08,city_Customer_389,O00124,2024-03-27,Credit Card,220,P077,3.0,36191.5,Wireless Mouse,Smart Phone,39614.833333333336
C0389,Customer_389,2024-06-08,city_Customer_389,O00659,2024-07-26,Credit Card,1892,P067,3.0,35007.0,Usb Hub,Smartphone,33419.208333333336
C0389,Customer_389,2024-06-08,city_Customer_389,O01140,2025-05-06,Credit Card,603,P049,4.0,28217.0,Wireless Mouse,Smartphone,61022.0
C0389,Customer_389,2024-06-08,city_Customer_389,O01140,2025-05-06,Credit Card,838,P070,2.0,17010.0,Ipad Air,Tablet,33141.25
C0389,Customer_389,2024-06-08,city_Customer_389,O01140,2025-05-06,Credit Card,1554,P079,2.0,54464.0,Oneplus,Tablet,49850.653846153844
C0390,Customer_390,2024-09-09,city_Customer_390,O00228,2024-08-15,Credit Card,1302,P014,2.0,28858.5,Xiaomi Redmi,Laptop,5475.0
C0390,Customer_390,2024-09-09,city_Customer_390,O00228,2024-08-15,Credit Card,1646,P039,1.0,49745.0,Xiaomi Redmi,Accessory,69520.0
C0390,Customer_390,2024-09-09,city_Customer_390,O00573,2025-02-14,Debit Card,1990,P045,3.0,63064.0,Lenovo Tab,Laptop,50316.055555555555
C0390,Customer_390,2024-09-09,city_Customer_390,O00600,2024-03-20,Debit Card,1981,P056,3.0,22809.0,Samsung Galaxy,Smart Phone,49022.142857142855
C0390,Customer_390,2024-09-09,city_Customer_390,O00692,2024-09-09,Cash On Delivery,1453,P047,2.0,22627.0,Oneplus,Smart Phone,33791.0
C0390,Customer_390,2024-09-09,city_Customer_390,O00692,2024-09-09,Cash On Delivery,1986,P053,1.0,17936.0,Iphone 13,Accessories,24279.52380952381
C0390,Customer_390,2024-09-09,city_Customer_390,O00846,2025-04-22,Credit Card,966,P076,2.0,54223.0,Wireless Mouse,Accessory,15249.0
C0390,Customer_390,2024-09-09,city_Customer_390,O00846,2025-04-22,Credit Card,1753,P058,2.0,82476.0,Lenovo Ideapad,Smartphone,41597.0
C0391,Customer_391,2023-01-07,city_Customer_391,O00090,2024-04-12,Credit Card,611,P077,2.0,21940.0,Wireless Mouse,Smart Phone,39614.833333333336
C0391,Customer_391,2023-01-07,city_Customer_391,O00090,2024-04-12,Credit Card,1130,P030,2.0,45160.0,Laptop Bag,Accessory,44051.0
C0391,Customer_391,2023-01-07,city_Customer_391,O00724,2025-03-25,Credit Card,715,P069,2.0,38257.0,Usb Hub,Laptop,39186.36842105263
C0392,Customer_392,2024-12-27,city_Customer_392,O00772,2025-03-26,Upi,722,P065,0.0,27083.0,Dell Inspiron,Smart Phone,58364.0
C0392,Customer_392,2024-12-27,city_Customer_392,O00772,2025-03-26,Upi,1127,P017,2.0,54245.5,Keyboard,Smartphone,53396.91025641026
C0392,Customer_392,2024-12-27,city_Customer_392,O00772,2025-03-26,Upi,1875,P012,0.0,73196.0,Lenovo Ideapad,Accessory,27157.0
C0392,Customer_392,2024-12-27,city_Customer_392,O00901,2024-04-02,Debit Card,287,P043,1.0,21420.0,Usb Hub,Accessory,35204.98387096774
C0392,Customer_392,2024-12-27,city_Customer_392,O00901,2024-04-02,Debit Card,1783,P019,1.0,17288.0,Samsung Galaxy,Smartphone,40344.217391304344
C0393,Customer_393,2023-02-08,city_Customer_393,O00208,2025-05-11,Cash On Delivery,37,P020,3.0,42154.0,Dell Inspiron,Smartphone,42083.15789473684
C0393,Customer_393,2023-02-08,city_Customer_393,O00208,2025-05-11,Cash On Delivery,698,P039,4.0,35587.0,Xiaomi Redmi,Accessory,69520.0
C0393,Customer_393,2023-02-08,city_Customer_393,O00208,2025-05-11,Cash On Delivery,1075,P011,2.0,49358.0,Lenovo Ideapad,Accessories,50263.19047619047
C0393,Customer_393,2023-02-08,city_Customer_393,O00698,2025-01-02,Credit Card,392,P043,2.0,33013.0,Usb Hub,Accessory,35204.98387096774
C0393,Customer_393,2023-02-08,city_Customer_393,O00698,2025-01-02,Credit Card,1398,P036,3.0,69624.0,Lenovo Ideapad,Tablet,40888.2
C0394,Customer_394,2023-02-15,city_Customer_394,O00725,2024-09-11,Upi,1189,P021,2.0,84653.0,Laptop Bag,Laptop,42623.545454545456
C0394,Customer_394,2023-02-15,city_Customer_394,O00725,2024-09-11,Upi,1382,P041,4.0,76875.0,Laptop Bag,Smart Phone,42118.0
C0394,Customer_394,2023-02-15,city_Customer_394,O00765,2024-03-23,Credit Card,196,P038,2.0,76291.0,Xiaomi Redmi,Laptop,53205.84210526316
C0394,Customer_394,2023-02-15,city_Customer_394,O01159,2024-07-26,Upi,202,P048,2.0,55033.0,Wireless Mouse,Laptop,47676.0
C0394,Customer_394,2023-02-15,city_Customer_394,O01159,2024-07-26,Upi,332,P062,4.0,48916.0,Dell Inspiron,Tablet,44048.24444444444
C0394,Customer_394,2023-02-15,city_Customer_394,O01159,2024-07-26,Upi,1424,P064,2.0,56123.0,Lenovo Ideapad,Accessories,81129.0
C0394,Customer_394,2023-02-15,city_Customer_394,O01159,2024-07-26,Upi,1628,P048,2.0,31645.0,Wireless Mouse,Laptop,47676.0
C0394,Customer_394,2023-02-15,city_Customer_394,O01159,2024-07-26,Upi,1679,P008,1.0,23334.0,Hp Pavilion,Accessory,38717.39473684211
C0395,Customer_395,2023-02-09,city_Customer_395,O00511,2025-03-27,Credit Card,314,P049,2.0,28217.0,Wireless Mouse,Smartphone,61022.0
C0395,Customer_395,2023-02-09,city_Customer_395,O00938,2024-05-31,Upi,328,P055,1.0,62400.0,Keyboard,Accessory,40085.583333333336
C0396,Customer_396,2023-07-28,city_Customer_396,O00204,2024-04-13,Cash On Delivery,1095,P025,0.0,26361.0,Dell Inspiron,Laptop,84776.0
C0396,Customer_396,2023-07-28,city_Customer_396,O00204,2024-04-13,Cash On Delivery,1276,P062,3.0,43803.0,Dell Inspiron,Tablet,44048.24444444444
C0396,Customer_396,2023-07-28,city_Customer_396,O00204,2024-04-13,Cash On Delivery,1899,P031,2.0,84047.0,Samsung Tab,Accessories,57484.28571428572
C0396,Customer_396,2023-07-28,city_Customer_396,O00204,2024-04-13,Cash On Delivery,1936,P040,3.0,84109.0,Keyboard,Smartphone,43837.91935483871
C0396,Customer_396,2023-07-28,city_Customer_396,O00887,2024-11-03,Credit Card,87,P071,2.0,18565.0,Iphone 13,Tablet,65274.0
C0396,Customer_396,2023-07-28,city_Customer_396,O00887,2024-11-03,Credit Card,763,P013,2.0,30560.0,Samsung Galaxy,Smart Phone,51735.0
C0396,Customer_396,2023-07-28,city_Customer_396,O00887,2024-11-03,Credit Card,796,P078,2.0,6791.0,Usb Hub,Accessory,70378.0
C0396,Customer_396,2023-07-28,city_Customer_396,O00887,2024-11-03,Credit Card,1129,P056,3.0,8864.0,Samsung Galaxy,Smart Phone,49022.142857142855
C0397,Customer_397,2024-02-23,city_Customer_397,O00083,2024-12-16,Credit Card,303,P021,2.0,39340.5,Laptop Bag,Laptop,42623.545454545456
C0397,Customer_397,2024-02-23,city_Customer_397,O00277,2024-07-04,Debit Card,290,P063,1.0,55126.0,Wireless Mouse,Accessories,49252.851851851854
C0397,Customer_397,2024-02-23,city_Customer_397,O00277,2024-07-04,Debit Card,1356,P010,2.0,87063.0,Iphone 13,Smart Phone,41625.760869565216
C0397,Customer_397,2024-02-23,city_Customer_397,O00277,2024-07-04,Debit Card,1927,P073,2.0,35128.0,Lenovo Tab,Accessory,3393.0
C0397,Customer_397,2024-02-23,city_Customer_397,O01067,2024-11-08,Debit Card,586,P058,2.0,24413.0,Lenovo Ideapad,Smartphone,41597.0
C0397,Customer_397,2024-02-23,city_Customer_397,O01067,2024-11-08,Debit Card,1526,P073,0.0,59778.0,Lenovo Tab,Accessory,3393.0
C0397,Customer_397,2024-02-23,city_Customer_397,O01173,2024-07-08,Unknown,41,P025,2.0,49252.5,Dell Inspiron,Laptop,84776.0
C0398,Customer_398,2024-09-27,city_Customer_398,O00833,2025-02-28,Upi,758,P002,1.0,24004.0,Samsung Tab,Smartphone,68660.0
C0398,Customer_398,2024-09-27,city_Customer_398,O00833,2025-02-28,Upi,1709,P020,3.0,42154.0,Dell Inspiron,Smartphone,42083.15789473684
C0398,Customer_398,2024-09-27,city_Customer_398,O00833,2025-02-28,Upi,1725,P059,2.0,61801.0,Oneplus,Accessories,33875.24324324324
C0399,Customer_399,2023-02-02,city_Customer_399,O00236,2024-08-25,Upi,1416,P071,2.0,26470.0,Iphone 13,Tablet,65274.0
C0400,Customer_400,2024-05-10,city_Customer_400,O00123,2024-04-03,Unknown,299,P026,3.0,1827.0,Xiaomi Redmi,Laptop,42897.775862068964
C0400,Customer_400,2024-05-10,city_Customer_400,O00123,2024-04-03,Unknown,805,P019,1.0,10901.0,Samsung Galaxy,Smartphone,40344.217391304344
C0400,Customer_400,2024-05-10,city_Customer_400,O00269,2024-12-11,Credit Card,1309,P010,3.0,22464.0,Iphone 13,Smart Phone,41625.760869565216
C0401,Customer_401,2025-03-25,city_Customer_401,O00599,2025-05-13,Cash On Delivery,1144,P077,3.0,36191.5,Wireless Mouse,Smart Phone,39614.833333333336
C0402,Customer_402,2023-06-08,city_Customer_402,O00006,2024-08-24,Credit Card,1560,P054,2.0,49038.0,Laptop Bag,Smartphone,34450.0
C0402,Customer_402,2023-06-08,city_Customer_402,O00689,2024-03-29,Debit Card,136,P069,4.0,29524.0,Usb Hub,Laptop,39186.36842105263
C0402,Customer_402,2023-06-08,city_Customer_402,O00689,2024-03-29,Debit Card,1005,P038,3.0,87097.0,Xiaomi Redmi,Laptop,53205.84210526316
C0403,Customer_403,2024-10-30,city_Customer_403,O00409,2024-04-27,Upi,9,P015,1.0,65664.0,Laptop Bag,Smart Phone,76755.0
C0403,Customer_403,2024-10-30,city_Customer_403,O00409,2024-04-27,Upi,1604,P075,0.0,78121.0,Iphone 13,Smart Phone,65357.26666666667
C0404,Customer_404,2023-10-05,city_Customer_404,O00702,2024-12-06,Unknown,1932,P076,2.0,58608.0,Wireless Mouse,Accessory,15249.0
C0404,Customer_404,2023-10-05,city_Customer_404,O00971,2024-12-23,Upi,1381,P068,1.0,79414.0,Xiaomi Redmi,Tablet,43027.0
C0404,Customer_404,2023-10-05,city_Customer_404,O00971,2024-12-23,Upi,1491,P014,0.0,20844.0,Xiaomi Redmi,Laptop,5475.0
C0404,Customer_404,2023-10-05,city_Customer_404,O00992,2024-12-07,Upi,1708,P031,3.0,18396.0,Samsung Tab,Accessories,57484.28571428572
C0406,Customer_406,2023-11-16,city_Customer_406,O00182,2025-05-11,Cash On Delivery,1676,P056,2.0,34557.0,Samsung Galaxy,Smart Phone,49022.142857142855
C0406,Customer_406,2023-11-16,city_Customer_406,O00182,2025-05-11,Cash On Delivery,1918,P025,0.0,49252.5,Dell Inspiron,Laptop,84776.0
C0406,Customer_406,2023-11-16,city_Customer_406,O00708,2024-09-28,Upi,1120,P032,1.0,74948.0,Ipad Air,Tablet,6095.0
C0406,Customer_406,2023-11-16,city_Customer_406,O00708,2024-09-28,Upi,1923,P033,1.0,18943.0,Wireless Mouse,Laptop,47453.0
C0406,Customer_406,2023-11-16,city_Customer_406,O01093,2024-09-18,Upi,267,P039,1.0,80383.0,Xiaomi Redmi,Accessory,69520.0
C0406,Customer_406,2023-11-16,city_Customer_406,O01093,2024-09-18,Upi,1111,P004,1.0,25734.0,Lenovo Tab,Tablet,32011.4
C0407,Customer_407,2024-02-29,city_Customer_407,O00180,2024-03-25,Cash On Delivery,757,P079,2.0,53168.5,Oneplus,Tablet,49850.653846153844
C0407,Customer_407,2024-02-29,city_Customer_407,O00180,2024-03-25,Cash On Delivery,1021,P077,4.0,32031.0,Wireless Mouse,Smart Phone,39614.833333333336
C0407,Customer_407,2024-02-29,city_Customer_407,O00954,2024-06-10,Debit Card,1391,P073,2.0,64669.0,Lenovo Tab,Accessory,3393.0
C0409,Customer_409,2024-02-19,city_Customer_409,O00297,2024-05-24,Cash On Delivery,1357,P019,2.0,38300.0,Samsung Galaxy,Smartphone,40344.217391304344
C0409,Customer_409,2024-02-19,city_Customer_409,O00509,2024-04-08,Cash On Delivery,1445,P010,0.0,38223.0,Iphone 13,Smart Phone,41625.760869565216
C0410,Customer_410,2024-03-20,city_Customer_410,O00002,2024-02-01,Upi,712,P075,2.0,67962.0,Iphone 13,Smart Phone,65357.26666666667
C0410,Customer_410,2024-03-20,city_Customer_410,O00002,2024-02-01,Upi,892,P020,4.0,42154.0,Dell Inspiron,Smartphone,42083.15789473684
C0410,Customer_410,2024-03-20,city_Customer_410,O00002,2024-02-01,Upi,1293,P026,0.0,61323.0,Xiaomi Redmi,Laptop,42897.775862068964
C0411,Customer_411,2023-04-27,city_Customer_411,O00005,2025-04-26,Credit Card,293,P062,2.0,43803.0,Dell Inspiron,Tablet,44048.24444444444
C0411,Customer_411,2023-04-27,city_Customer_411,O00005,2025-04-26,Credit Card,480,P023,4.0,40971.0,Lenovo Tab,Tablet,48549.107142857145
C0411,Customer_411,2023-04-27,city_Customer_411,O00185,2025-03-09,Upi,354,P077,0.0,86726.0,Wireless Mouse,Smart Phone,39614.833333333336
C0411,Customer_411,2023-04-27,city_Customer_411,O00185,2025-03-09,Upi,1037,P063,3.0,55126.0,Wireless Mouse,Accessories,49252.851851851854
C0411,Customer_411,2023-04-27,city_Customer_411,O00368,2025-05-07,Upi,326,P053,0.0,4278.0,Iphone 13,Accessories,24279.52380952381
C0411,Customer_411,2023-04-27,city_Customer_411,O00368,2025-05-07,Upi,387,P044,1.0,51790.5,Oneplus,Tablet,13294.0
C0411,Customer_411,2023-04-27,city_Customer_411,O00368,2025-05-07,Upi,633,P003,1.0,10513.0,Hp Pavilion,Accessories,40489.0
C0411,Customer_411,2023-04-27,city_Customer_411,O00908,2025-05-07,Credit Card,1265,P026,1.0,43771.5,Xiaomi Redmi,Laptop,42897.775862068964
C0411,Customer_411,2023-04-27,city_Customer_411,O00908,2025-05-07,Credit Card,1417,P076,2.0,58608.0,Wireless Mouse,Accessory,15249.0
C0412,Customer_412,2024-08-14,city_Customer_412,O00241,2024-08-13,Cash On Delivery,1198,P023,2.0,47118.0,Lenovo Tab,Tablet,48549.107142857145
C0412,Customer_412,2024-08-14,city_Customer_412,O00241,2024-08-13,Cash On Delivery,1630,P072,4.0,54236.0,Dell Inspiron,Tablet,52421.12765957447
C0412,Customer_412,2024-08-14,city_Customer_412,O00783,2024-05-03,Upi,948,P060,2.0,30084.0,Usb Hub,Laptop,31558.076923076922
C0412,Customer_412,2024-08-14,city_Customer_412,O00783,2024-05-03,Upi,1004,P079,2.0,51743.0,Oneplus,Tablet,49850.653846153844
C0412,Customer_412,2024-08-14,city_Customer_412,O00783,2024-05-03,Upi,1278,P014,2.0,7298.0,Xiaomi Redmi,Laptop,5475.0
C0412,Customer_412,2024-08-14,city_Customer_412,O00783,2024-05-03,Upi,1785,P056,2.0,50794.0,Samsung Galaxy,Smart Phone,49022.142857142855
C0412,Customer_412,2024-08-14,city_Customer_412,O00783,2024-05-03,Upi,1800,P059,2.0,57633.0,Oneplus,Accessories,33875.24324324324
C0412,Customer_412,2024-08-14,city_Customer_412,O00783,2024-05-03,Upi,1834,P048,0.0,31645.0,Wireless Mouse,Laptop,47676.0
C0413,Customer_413,2025-03-02,city_Customer_413,O00100,2025-02-03,Credit Card,1588,P070,4.0,78750.0,Ipad Air,Tablet,33141.25
C0413,Customer_413,2025-03-02,city_Customer_413,O00100,2025-02-03,Credit Card,1913,P059,4.0,28604.0,Oneplus,Accessories,33875.24324324324
C0414,Customer_414,2023-02-22,city_Customer_414,O01053,2024-02-21,Cash On Delivery,1731,P076,3.0,6891.0,Wireless Mouse,Accessory,15249.0
C0415,Customer_415,2025-04-05,city_Customer_415,O00257,2025-02-25,Cash On Delivery,1818,P021,2.0,57252.0,Laptop Bag,Laptop,42623.545454545456
C0415,Customer_415,2025-04-05,city_Customer_415,O00387,2024-05-01,Cash On Delivery,1034,P067,1.0,6700.0,Usb Hub,Smartphone,33419.208333333336
C0415,Customer_415,2025-04-05,city_Customer_415,O00387,2024-05-01,Cash On Delivery,1724,P039,2.0,37935.0,Xiaomi Redmi,Accessory,69520.0
C0416,Customer_416,2024-08-09,city_Customer_416,O00913,2024-11-11,Upi,18,P065,1.0,55890.0,Dell Inspiron,Smart Phone,58364.0
C0416,Customer_416,2024-08-09,city_Customer_416,O00913,2024-11-11,Upi,862,P052,2.0,52743.0,Xiaomi Redmi,Smart Phone,49998.94117647059
C0416,Customer_416,2024-08-09,city_Customer_416,O00913,2024-11-11,Upi,919,P078,1.0,46377.0,Usb Hub,Accessory,70378.0
C0417,Customer_417,2025-01-24,city_Customer_417,O00114,2024-07-20,Unknown,528,P044,0.0,21140.0,Oneplus,Tablet,13294.0
C0418,Customer_418,2023-12-23,city_Customer_418,O00505,2025-02-08,Cash On Delivery,125,P033,2.0,42539.0,Wireless Mouse,Laptop,47453.0
C0418,Customer_418,2023-12-23,city_Customer_418,O00505,2025-02-08,Cash On Delivery,499,P016,4.0,86598.0,Ipad Air,Smart Phone,37730.5
C0418,Customer_418,2023-12-23,city_Customer_418,O00505,2025-02-08,Cash On Delivery,575,P028,4.0,71106.0,Samsung Galaxy,Tablet,35571.85294117647
C0418,Customer_418,2023-12-23,city_Customer_418,O00505,2025-02-08,Cash On Delivery,1248,P006,4.0,81691.0,Laptop Bag,Tablet,61785.52173913043
C0418,Customer_418,2023-12-23,city_Customer_418,O00894,2024-02-18,Cash On Delivery,1364,P050,1.0,78253.0,Lenovo Ideapad,Tablet,59514.0
C0419,Customer_419,2023-06-25,city_Customer_419,O00150,2024-04-21,Credit Card,1263,P042,0.0,35410.0,Hp Pavilion,Laptop,36647.529411764706
C0419,Customer_419,2023-06-25,city_Customer_419,O00580,2025-05-02,Cash On Delivery,121,P045,0.0,16884.0,Lenovo Tab,Laptop,50316.055555555555
C0419,Customer_419,2023-06-25,city_Customer_419,O00580,2025-05-02,Cash On Delivery,330,P062,2.0,41654.0,Dell Inspiron,Tablet,44048.24444444444
C0419,Customer_419,2023-06-25,city_Customer_419,O00580,2025-05-02,Cash On Delivery,832,P010,2.0,38223.0,Iphone 13,Smart Phone,41625.760869565216
C0419,Customer_419,2023-06-25,city_Customer_419,O00580,2025-05-02,Cash On Delivery,1350,P015,0.0,87369.0,Laptop Bag,Smart Phone,76755.0
C0419,Customer_419,2023-06-25,city_Customer_419,O00580,2025-05-02,Cash On Delivery,1757,P079,4.0,54019.0,Oneplus,Tablet,49850.653846153844
C0419,Customer_419,2023-06-25,city_Customer_419,O00580,2025-05-02,Cash On Delivery,1768,P015,3.0,65664.0,Laptop Bag,Smart Phone,76755.0
C0419,Customer_419,2023-06-25,city_Customer_419,O00830,2024-12-22,Credit Card,964,P048,2.0,31645.0,Wireless Mouse,Laptop,47676.0
C0419,Customer_419,2023-06-25,city_Customer_419,O00830,2024-12-22,Credit Card,1363,P051,2.0,32945.0,Keyboard,Smart Phone,18522.0
C0419,Customer_419,2023-06-25,city_Customer_419,O00830,2024-12-22,Credit Card,1591,P034,2.0,40941.0,Laptop Bag,Laptop,37213.31578947369
C0419,Customer_419,2023-06-25,city_Customer_419,O00830,2024-12-22,Credit Card,1959,P062,4.0,76434.0,Dell Inspiron,Tablet,44048.24444444444
C0419,Customer_419,2023-06-25,city_Customer_419,O00892,2024-05-09,Credit Card,510,P022,1.0,31350.5,Samsung Tab,Accessory,33689.54878048781
C0419,Customer_419,2023-06-25,city_Customer_419,O00892,2024-05-09,Credit Card,1962,P029,0.0,35095.5,Samsung Galaxy,Accessories,39583.26
C0421,Customer_421,2023-11-05,city_Customer_421,O00221,2025-01-27,Upi,449,P055,0.0,40760.0,Keyboard,Accessory,40085.583333333336
C0421,Customer_421,2023-11-05,city_Customer_421,O00508,2025-03-23,Debit Card,117,P021,2.0,21196.0,Laptop Bag,Laptop,42623.545454545456
C0421,Customer_421,2023-11-05,city_Customer_421,O00508,2025-03-23,Debit Card,1421,P022,0.0,86883.0,Samsung Tab,Accessory,33689.54878048781
C0422,Customer_422,2024-05-09,city_Customer_422,O00250,2024-01-06,Debit Card,31,P053,1.0,58339.0,Iphone 13,Accessories,24279.52380952381
C0422,Customer_422,2024-05-09,city_Customer_422,O00250,2024-01-06,Debit Card,291,P040,2.0,41485.5,Keyboard,Smartphone,43837.91935483871
C0422,Customer_422,2024-05-09,city_Customer_422,O00250,2024-01-06,Debit Card,445,P043,0.0,32759.5,Usb Hub,Accessory,35204.98387096774
C0422,Customer_422,2024-05-09,city_Customer_422,O00250,2024-01-06,Debit Card,1178,P067,2.0,30826.0,Usb Hub,Smartphone,33419.208333333336
C0422,Customer_422,2024-05-09,city_Customer_422,O00323,2024-02-17,Debit Card,1405,P029,1.0,30899.0,Samsung Galaxy,Accessories,39583.26
C0422,Customer_422,2024-05-09,city_Customer_422,O00323,2024-02-17,Debit Card,1882,P072,4.0,16170.0,Dell Inspiron,Tablet,52421.12765957447
C0423,Customer_423,2024-10-13,city_Customer_423,O00220,2025-03-21,Upi,1955,P033,4.0,73770.0,Wireless Mouse,Laptop,47453.0
C0423,Customer_423,2024-10-13,city_Customer_423,O00620,2024-11-27,Credit Card,1585,P060,2.0,6238.0,Usb Hub,Laptop,31558.076923076922
C0423,Customer_423,2024-10-13,city_Customer_423,O00712,2025-03-03,Upi,1156,P080,0.0,24250.0,Oneplus,Laptop,82478.0
C0424,Customer_424,2024-09-27,city_Customer_424,O00270,2024-07-06,Unknown,262,P053,2.0,9582.0,Iphone 13,Accessories,24279.52380952381
C0424,Customer_424,2024-09-27,city_Customer_424,O00270,2024-07-06,Unknown,808,P070,3.0,34499.0,Ipad Air,Tablet,33141.25
C0424,Customer_424,2024-09-27,city_Customer_424,O00717,2024-08-12,Credit Card,725,P048,3.0,20749.0,Wireless Mouse,Laptop,47676.0
C0424,Customer_424,2024-09-27,city_Customer_424,O00717,2024-08-12,Credit Card,1607,P033,0.0,3008.0,Wireless Mouse,Laptop,47453.0
C0425,Customer_425,2024-10-17,city_Customer_425,O00592,2024-04-24,Debit Card,434,P066,2.0,37100.5,Samsung Tab,Smart Phone,39443.125
C0425,Customer_425,2024-10-17,city_Customer_425,O00592,2024-04-24,Debit Card,1858,P025,2.0,49252.5,Dell Inspiron,Laptop,84776.0
C0425,Customer_425,2024-10-17,city_Customer_425,O01106,2025-09-04,Cash On Delivery,192,P073,0.0,13790.0,Lenovo Tab,Accessory,3393.0
C0426,Customer_426,2024-09-27,city_Customer_426,O00621,2024-10-22,Upi,156,P020,1.0,42154.0,Dell Inspiron,Smartphone,42083.15789473684
C0426,Customer_426,2024-09-27,city_Customer_426,O00621,2024-10-22,Upi,836,P078,2.0,46377.0,Usb Hub,Accessory,70378.0
C0426,Customer_426,2024-09-27,city_Customer_426,O01155,2024-06-28,Credit Card,204,P060,3.0,30084.0,Usb Hub,Laptop,31558.076923076922
C0427,Customer_427,2025-04-29,city_Customer_427,O00375,2024-07-03,Credit Card,779,P040,1.0,41485.5,Keyboard,Smartphone,43837.91935483871
C0427,Customer_427,2025-04-29,city_Customer_427,O00375,2024-07-03,Credit Card,876,P011,1.0,89556.0,Lenovo Ideapad,Accessories,50263.19047619047
C0427,Customer_427,2025-04-29,city_Customer_427,O00375,2024-07-03,Credit Card,1455,P059,2.0,30185.0,Oneplus,Accessories,33875.24324324324
C0427,Customer_427,2025-04-29,city_Customer_427,O01021,2024-04-13,Debit Card,670,P062,2.0,17015.0,Dell Inspiron,Tablet,44048.24444444444
C0427,Customer_427,2025-04-29,city_Customer_427,O01021,2024-04-13,Debit Card,689,P004,0.0,26159.0,Lenovo Tab,Tablet,32011.4
C0427,Customer_427,2025-04-29,city_Customer_427,O01193,2024-12-18,Upi,442,P061,2.0,6562.0,Lenovo Tab,Tablet,41829.80952380953
C0428,Customer_428,2023-08-12,city_Customer_428,O00078,2024-01-09,Unknown,363,P072,4.0,76107.0,Dell Inspiron,Tablet,52421.12765957447
C0428,Customer_428,2023-08-12,city_Customer_428,O00223,2025-11-03,Upi,544,P010,3.0,40871.0,Iphone 13,Smart Phone,41625.760869565216
C0428,Customer_428,2023-08-12,city_Customer_428,O00223,2025-11-03,Upi,1298,P033,3.0,42539.0,Wireless Mouse,Laptop,47453.0
C0428,Customer_428,2023-08-12,city_Customer_428,O00313,2024-12-21,Cash On Delivery,564,P061,4.0,61800.0,Lenovo Tab,Tablet,41829.80952380953
C0428,Customer_428,2023-08-12,city_Customer_428,O00313,2024-12-21,Cash On Delivery,1938,P060,1.0,30084.0,Usb Hub,Laptop,31558.076923076922
C0428,Customer_428,2023-08-12,city_Customer_428,O00313,2024-12-21,Cash On Delivery,1977,P066,4.0,59566.0,Samsung Tab,Smart Phone,39443.125
C0429,Customer_428,2023-06-10,city_Customer_428,O00136,2024-07-29,Credit Card,826,P078,0.0,86702.0,Usb Hub,Accessory,70378.0
C0429,Customer_428,2023-06-10,city_Customer_428,O00136,2024-07-29,Credit Card,1336,P078,2.0,46377.0,Usb Hub,Accessory,70378.0
C0429,Customer_428,2023-06-10,city_Customer_428,O00964,2025-01-29,Cash On Delivery,645,P067,1.0,27541.0,Usb Hub,Smartphone,33419.208333333336
C0429,Customer_428,2023-06-10,city_Customer_428,O00964,2025-01-29,Cash On Delivery,1331,P058,0.0,4043.0,Lenovo Ideapad,Smartphone,41597.0
C0431,Customer_431,2025-04-15,city_Customer_431,O00181,2024-11-01,Upi,1262,P024,1.0,34391.5,Macbook Air,Smart Phone,37230.45
C0431,Customer_431,2025-04-15,city_Customer_431,O00691,2024-07-10,Upi,756,P028,2.0,36853.5,Samsung Galaxy,Tablet,35571.85294117647
C0431,Customer_431,2025-04-15,city_Customer_431,O00691,2024-07-10,Upi,1175,P014,1.0,28858.5,Xiaomi Redmi,Laptop,5475.0
C0431,Customer_431,2025-04-15,city_Customer_431,O00897,2024-02-07,Cash On Delivery,626,P079,0.0,53168.5,Oneplus,Tablet,49850.653846153844
C0431,Customer_431,2025-04-15,city_Customer_431,O00897,2024-02-07,Cash On Delivery,1270,P002,2.0,21876.0,Samsung Tab,Smartphone,68660.0
C0432,Customer_432,2024-07-29,city_Customer_432,O00057,2024-01-18,Upi,72,P037,1.0,82020.0,Iphone 13,Laptop,2571.0
C0432,Customer_432,2024-07-29,city_Customer_432,O00362,2025-03-31,Upi,1318,P019,2.0,38300.0,Samsung Galaxy,Smartphone,40344.217391304344
C0434,Customer_434,2023-05-01,city_Customer_434,O00354,2024-09-12,Credit Card,89,P040,3.0,41485.5,Keyboard,Smartphone,43837.91935483871
C0434,Customer_434,2023-05-01,city_Customer_434,O00354,2024-09-12,Credit Card,306,P053,0.0,17936.0,Iphone 13,Accessories,24279.52380952381
C0434,Customer_434,2023-05-01,city_Customer_434,O00354,2024-09-12,Credit Card,448,P074,1.0,17905.0,Samsung Tab,Tablet,51600.791666666664
C0434,Customer_434,2023-05-01,city_Customer_434,O00354,2024-09-12,Credit Card,460,P033,4.0,59239.0,Wireless Mouse,Laptop,47453.0
C0435,Customer_435,2024-07-17,city_Customer_435,O00330,2025-01-24,Credit Card,1993,P023,3.0,40670.0,Lenovo Tab,Tablet,48549.107142857145
C0437,Customer_437,2023-09-13,city_Customer_437,O00390,2025-04-10,Credit Card,172,P039,4.0,59186.0,Xiaomi Redmi,Accessory,69520.0
C0437,Customer_437,2023-09-13,city_Customer_437,O00390,2025-04-10,Credit Card,774,P076,1.0,58608.0,Wireless Mouse,Accessory,15249.0
C0437,Customer_437,2023-09-13,city_Customer_437,O00390,2025-04-10,Credit Card,778,P018,3.0,48708.5,Dell Inspiron,Laptop,50919.833333333336
C0437,Customer_437,2023-09-13,city_Customer_437,O00390,2025-04-10,Credit Card,1115,P033,2.0,44741.0,Wireless Mouse,Laptop,47453.0
C0437,Customer_437,2023-09-13,city_Customer_437,O00856,2024-08-13,Upi,911,P055,2.0,39713.0,Keyboard,Accessory,40085.583333333336
C0439,Customer_439,2023-07-03,city_Customer_439,O00239,2024-07-24,Credit Card,131,P020,1.0,42154.0,Dell Inspiron,Smartphone,42083.15789473684
C0439,Customer_439,2023-07-03,city_Customer_439,O00239,2024-07-24,Credit Card,584,P069,0.0,34393.0,Usb Hub,Laptop,39186.36842105263
C0439,Customer_439,2023-07-03,city_Customer_439,O00239,2024-07-24,Credit Card,713,P072,2.0,54236.0,Dell Inspiron,Tablet,52421.12765957447
C0439,Customer_439,2023-07-03,city_Customer_439,O00318,2024-12-10,Credit Card,560,P044,1.0,53600.0,Oneplus,Tablet,13294.0
C0439,Customer_439,2023-07-03,city_Customer_439,O00318,2024-12-10,Credit Card,588,P053,2.0,17936.0,Iphone 13,Accessories,24279.52380952381
C0439,Customer_439,2023-07-03,city_Customer_439,O00318,2024-12-10,Credit Card,1448,P052,2.0,54725.0,Xiaomi Redmi,Smart Phone,49998.94117647059
C0439,Customer_439,2023-07-03,city_Customer_439,O00419,2024-05-14,Credit Card,1475,P056,3.0,50794.0,Samsung Galaxy,Smart Phone,49022.142857142855
C0439,Customer_439,2023-07-03,city_Customer_439,O00498,2024-01-02,Credit Card,149,P033,4.0,42539.0,Wireless Mouse,Laptop,47453.0
C0439,Customer_439,2023-07-03,city_Customer_439,O00498,2024-01-02,Credit Card,859,P053,2.0,17936.0,Iphone 13,Accessories,24279.52380952381
C0439,Customer_439,2023-07-03,city_Customer_439,O00498,2024-01-02,Credit Card,1675,P072,4.0,54236.0,Dell Inspiron,Tablet,52421.12765957447
C0439,Customer_439,2023-07-03,city_Customer_439,O00723,2024-04-03,Upi,439,P062,0.0,28649.0,Dell Inspiron,Tablet,44048.24444444444
C0439,Customer_439,2023-07-03,city_Customer_439,O00723,2024-04-03,Upi,749,P070,2.0,13844.0,Ipad Air,Tablet,33141.25
C0439,Customer_439,2023-07-03,city_Customer_439,O00723,2024-04-03,Upi,827,P038,2.0,30232.0,Xiaomi Redmi,Laptop,53205.84210526316
C0439,Customer_439,2023-07-03,city_Customer_439,O00723,2024-04-03,Upi,1124,P068,2.0,53379.0,Xiaomi Redmi,Tablet,43027.0
C0439,Customer_439,2023-07-03,city_Customer_439,O01051,2024-03-27,Upi,1486,P022,2.0,6565.0,Samsung Tab,Accessory,33689.54878048781
C0439,Customer_439,2023-07-03,city_Customer_439,O01051,2024-03-27,Upi,1640,P019,2.0,55473.0,Samsung Galaxy,Smartphone,40344.217391304344
C0439,Customer_439,2023-07-03,city_Customer_439,O01114,2024-09-26,Debit Card,1645,P022,3.0,37979.0,Samsung Tab,Accessory,33689.54878048781
C0440,Customer_439,2024-05-16,city_Customer_439,O00794,2024-02-26,Upi,532,P010,3.0,73601.0,Iphone 13,Smart Phone,41625.760869565216
C0440,Customer_439,2024-05-16,city_Customer_439,O00794,2024-02-26,Upi,1934,P072,1.0,74571.0,Dell Inspiron,Tablet,52421.12765957447
C0440,Customer_439,2024-05-16,city_Customer_439,O01182,2025-04-20,Upi,545,P005,3.0,37524.5,Oneplus,Tablet,41247.38888888889
C0440,Customer_439,2024-05-16,city_Customer_439,O01182,2025-04-20,Upi,1268,P002,2.0,55994.0,Samsung Tab,Smartphone,68660.0
C0441,Customer_441,2025-02-20,city_Customer_441,O00495,2024-12-23,Upi,930,P062,2.0,43803.0,Dell Inspiron,Tablet,44048.24444444444
C0441,Customer_441,2025-02-20,city_Customer_441,O00495,2024-12-23,Upi,1550,P067,3.0,29183.5,Usb Hub,Smartphone,33419.208333333336
C0441,Customer_441,2025-02-20,city_Customer_441,O00495,2024-12-23,Upi,1718,P061,0.0,41497.0,Lenovo Tab,Tablet,41829.80952380953
C0441,Customer_441,2025-02-20,city_Customer_441,O00603,2024-06-19,Cash On Delivery,965,P047,3.0,67544.0,Oneplus,Smart Phone,33791.0
C0441,Customer_441,2025-02-20,city_Customer_441,O00907,2024-02-15,Cash On Delivery,475,P066,3.0,34379.0,Samsung Tab,Smart Phone,39443.125
C0441,Customer_441,2025-02-20,city_Customer_441,O00907,2024-02-15,Cash On Delivery,681,P013,4.0,30560.0,Samsung Galaxy,Smart Phone,51735.0
C0442,Customer_442,2025-05-06,city_Customer_442,O00058,2024-10-16,Upi,1247,P076,2.0,58608.0,Wireless Mouse,Accessory,15249.0
C0442,Customer_442,2025-05-06,city_Customer_442,O00305,2024-11-04,Credit Card,30,P071,1.0,45795.0,Iphone 13,Tablet,65274.0
C0442,Customer_442,2025-05-06,city_Customer_442,O00305,2024-11-04,Credit Card,1184,P033,0.0,42539.0,Wireless Mouse,Laptop,47453.0
C0442,Customer_442,2025-05-06,city_Customer_442,O00804,2025-02-14,Credit Card,917,P051,3.0,43166.0,Keyboard,Smart Phone,18522.0
C0442,Customer_442,2025-05-06,city_Customer_442,O00804,2025-02-14,Credit Card,1313,P068,3.0,53379.0,Xiaomi Redmi,Tablet,43027.0
C0443,Customer_443,2024-02-14,city_Customer_443,O00143,2024-05-13,Credit Card,940,P066,3.0,23851.0,Samsung Tab,Smart Phone,39443.125
C0443,Customer_443,2024-02-14,city_Customer_443,O00143,2024-05-13,Credit Card,1578,P032,2.0,52315.0,Ipad Air,Tablet,6095.0
C0443,Customer_443,2024-02-14,city_Customer_443,O01058,2024-11-13,Credit Card,599,P014,2.0,28858.5,Xiaomi Redmi,Laptop,5475.0
C0443,Customer_443,2024-02-14,city_Customer_443,O01058,2024-11-13,Credit Card,1128,P012,2.0,51743.0,Lenovo Ideapad,Accessory,27157.0
C0444,Customer_444,2024-01-03,city_Customer_444,O01187,2024-05-12,Unknown,198,P039,2.0,53140.0,Xiaomi Redmi,Accessory,69520.0
C0445,Customer_445,2025-04-01,city_Customer_445,O00342,2024-09-07,Cash On Delivery,1024,P017,0.0,54245.5,Keyboard,Smartphone,53396.91025641026
C0445,Customer_445,2025-04-01,city_Customer_445,O00477,2024-05-03,Cash On Delivery,1106,P008,0.0,37548.5,Hp Pavilion,Accessory,38717.39473684211
C0446,Customer_446,2024-11-03,city_Customer_446,O00486,2025-03-18,Debit Card,1158,P025,2.0,79076.0,Dell Inspiron,Laptop,84776.0
C0446,Customer_446,2024-11-03,city_Customer_446,O01109,2024-08-14,Debit Card,1852,P043,3.0,32759.5,Usb Hub,Accessory,35204.98387096774
C0446,Customer_446,2024-11-03,city_Customer_446,O01109,2024-08-14,Debit Card,1924,P055,2.0,40760.0,Keyboard,Accessory,40085.583333333336
C0448,Customer_448,2023-11-18,city_Customer_448,O00235,2024-09-21,Cash On Delivery,1264,P025,0.0,85365.0,Dell Inspiron,Laptop,84776.0
C0448,Customer_448,2023-11-18,city_Customer_448,O00235,2024-09-21,Cash On Delivery,1663,P013,2.0,36135.0,Samsung Galaxy,Smart Phone,51735.0
C0448,Customer_448,2023-11-18,city_Customer_448,O00970,2024-09-23,Credit Card,957,P065,4.0,18022.0,Dell Inspiron,Smart Phone,58364.0
C0448,Customer_448,2023-11-18,city_Customer_448,O00970,2024-09-23,Credit Card,1076,P050,4.0,23013.0,Lenovo Ideapad,Tablet,59514.0
C0448,Customer_448,2023-11-18,city_Customer_448,O00970,2024-09-23,Credit Card,1499,P038,2.0,9035.0,Xiaomi Redmi,Laptop,53205.84210526316
C0448,Customer_448,2023-11-18,city_Customer_448,O01075,2024-05-15,Upi,1895,P052,2.0,45552.0,Xiaomi Redmi,Smart Phone,49998.94117647059
C0448,Customer_448,2023-11-18,city_Customer_448,O01200,2024-03-06,Upi,166,P022,1.0,31350.5,Samsung Tab,Accessory,33689.54878048781
C0449,Customer_449,2023-03-23,city_Customer_449,O00544,2024-02-16,Unknown,1179,P001,4.0,5740.0,Lenovo Ideapad,Tablet,28151.0
C0449,Customer_449,2023-03-23,city_Customer_449,O00852,2024-09-06,Upi,1054,P030,0.0,45160.0,Laptop Bag,Accessory,44051.0
C0450,Customer_450,2024-01-22,city_Customer_450,O00135,2025-03-21,Debit Card,1557,P042,3.0,39688.0,Hp Pavilion,Laptop,36647.529411764706
C0450,Customer_450,2024-01-22,city_Customer_450,O00135,2025-03-21,Debit Card,1939,P027,0.0,1994.0,Ipad Air,Smart Phone,40595.0
C0450,Customer_450,2024-01-22,city_Customer_450,O00749,2025-02-02,Credit Card,1644,P067,1.0,29183.5,Usb Hub,Smartphone,33419.208333333336
C0451,Customer_451,2023-01-27,city_Customer_451,O00200,2024-03-04,Credit Card,36,P054,4.0,38823.0,Laptop Bag,Smartphone,34450.0
C0451,Customer_451,2023-01-27,city_Customer_451,O00383,2024-03-09,Upi,352,P024,4.0,34391.5,Macbook Air,Smart Phone,37230.45
C0451,Customer_451,2023-01-27,city_Customer_451,O00383,2024-03-09,Upi,430,P063,2.0,20031.0,Wireless Mouse,Accessories,49252.851851851854
C0451,Customer_451,2023-01-27,city_Customer_451,O00383,2024-03-09,Upi,693,P010,2.0,38223.0,Iphone 13,Smart Phone,41625.760869565216
C0451,Customer_451,2023-01-27,city_Customer_451,O00383,2024-03-09,Upi,986,P022,2.0,1960.0,Samsung Tab,Accessory,33689.54878048781
C0451,Customer_451,2023-01-27,city_Customer_451,O00383,2024-03-09,Upi,992,P068,4.0,88163.0,Xiaomi Redmi,Tablet,43027.0
C0451,Customer_451,2023-01-27,city_Customer_451,O00383,2024-03-09,Upi,1327,P076,3.0,58608.0,Wireless Mouse,Accessory,15249.0
C0451,Customer_451,2023-01-27,city_Customer_451,O00383,2024-03-09,Upi,1368,P055,1.0,53094.0,Keyboard,Accessory,40085.583333333336
C0451,Customer_451,2023-01-27,city_Customer_451,O00383,2024-03-09,Upi,1744,P040,2.0,14696.0,Keyboard,Smartphone,43837.91935483871
C0452,Customer_452,2025-01-19,city_Customer_452,O00121,2025-01-23,Upi,1354,P033,0.0,11965.0,Wireless Mouse,Laptop,47453.0
C0452,Customer_452,2025-01-19,city_Customer_452,O00376,2024-07-21,Upi,1456,P080,2.0,56159.0,Oneplus,Laptop,82478.0
C0453,Customer_453,2023-07-18,city_Customer_453,O00470,2025-03-16,Credit Card,331,P026,4.0,49705.0,Xiaomi Redmi,Laptop,42897.775862068964
C0453,Customer_453,2023-07-18,city_Customer_453,O00470,2025-03-16,Credit Card,890,P006,1.0,64844.0,Laptop Bag,Tablet,61785.52173913043
C0454,Customer_454,2023-10-22,city_Customer_454,O00148,2024-01-01,Debit Card,668,P020,1.0,42154.0,Dell Inspiron,Smartphone,42083.15789473684
C0454,Customer_454,2023-10-22,city_Customer_454,O00282,2024-08-27,Credit Card,92,P047,4.0,27083.0,Oneplus,Smart Phone,33791.0
C0454,Customer_454,2023-10-22,city_Customer_454,O00282,2024-08-27,Credit Card,241,P005,3.0,34317.0,Oneplus,Tablet,41247.38888888889
C0454,Customer_454,2023-10-22,city_Customer_454,O00282,2024-08-27,Credit Card,367,P027,4.0,32491.5,Ipad Air,Smart Phone,40595.0
C0454,Customer_454,2023-10-22,city_Customer_454,O00282,2024-08-27,Credit Card,583,P013,2.0,30560.0,Samsung Galaxy,Smart Phone,51735.0
C0454,Customer_454,2023-10-22,city_Customer_454,O00282,2024-08-27,Credit Card,1392,P072,0.0,54236.0,Dell Inspiron,Tablet,52421.12765957447
C0454,Customer_454,2023-10-22,city_Customer_454,O00365,2025-02-15,Cash On Delivery,318,P066,4.0,37100.5,Samsung Tab,Smart Phone,39443.125
C0454,Customer_454,2023-10-22,city_Customer_454,O00365,2025-02-15,Cash On Delivery,462,P015,3.0,78823.0,Laptop Bag,Smart Phone,76755.0
C0454,Customer_454,2023-10-22,city_Customer_454,O00516,2024-10-08,Cash On Delivery,511,P003,0.0,40345.0,Hp Pavilion,Accessories,40489.0
C0454,Customer_454,2023-10-22,city_Customer_454,O00516,2024-10-08,Cash On Delivery,1319,P043,4.0,5346.0,Usb Hub,Accessory,35204.98387096774
C0454,Customer_454,2023-10-22,city_Customer_454,O00547,2024-11-07,Upi,1441,P049,0.0,14029.0,Wireless Mouse,Smartphone,61022.0
C0454,Customer_454,2023-10-22,city_Customer_454,O00593,2024-12-17,Credit Card,1484,P017,2.0,61500.0,Keyboard,Smartphone,53396.91025641026
C0454,Customer_454,2023-10-22,city_Customer_454,O00593,2024-12-17,Credit Card,1917,P028,4.0,36853.5,Samsung Galaxy,Tablet,35571.85294117647
C0455,Customer_455,2024-12-03,city_Customer_455,O00404,2024-01-08,Cash On Delivery,1215,P019,4.0,31345.0,Samsung Galaxy,Smartphone,40344.217391304344
C0455,Customer_455,2024-12-03,city_Customer_455,O00680,2024-05-16,Cash On Delivery,54,P047,1.0,27083.0,Oneplus,Smart Phone,33791.0
C0455,Customer_455,2024-12-03,city_Customer_455,O00680,2024-05-16,Cash On Delivery,1039,P021,0.0,39332.0,Laptop Bag,Laptop,42623.545454545456
C0455,Customer_455,2024-12-03,city_Customer_455,O00680,2024-05-16,Cash On Delivery,1291,P062,2.0,74431.0,Dell Inspiron,Tablet,44048.24444444444
C0455,Customer_455,2024-12-03,city_Customer_455,O00680,2024-05-16,Cash On Delivery,1971,P013,1.0,30560.0,Samsung Galaxy,Smart Phone,51735.0
C0455,Customer_455,2024-12-03,city_Customer_455,O00858,2024-08-28,Cash On Delivery,498,P059,1.0,41014.0,Oneplus,Accessories,33875.24324324324
C0455,Customer_455,2024-12-03,city_Customer_455,O00858,2024-08-28,Cash On Delivery,784,P015,2.0,68648.0,Laptop Bag,Smart Phone,76755.0
C0457,Customer_457,2025-02-13,city_Customer_457,O00732,2024-10-29,Upi,86,P020,2.0,42154.0,Dell Inspiron,Smartphone,42083.15789473684
C0457,Customer_457,2025-02-13,city_Customer_457,O00899,2024-04-05,Cash On Delivery,1449,P048,3.0,31760.0,Wireless Mouse,Laptop,47676.0
C0457,Customer_457,2025-02-13,city_Customer_457,O00899,2024-04-05,Cash On Delivery,1994,P054,2.0,51205.0,Laptop Bag,Smartphone,34450.0
C0457,Customer_457,2025-02-13,city_Customer_457,O01046,2024-02-13,Credit Card,327,P069,4.0,38257.0,Usb Hub,Laptop,39186.36842105263
C0457,Customer_457,2025-02-13,city_Customer_457,O01046,2024-02-13,Credit Card,761,P024,2.0,26623.0,Macbook Air,Smart Phone,37230.45
C0457,Customer_457,2025-02-13,city_Customer_457,O01046,2024-02-13,Credit Card,788,P005,4.0,8018.0,Oneplus,Tablet,41247.38888888889
C0457,Customer_457,2025-02-13,city_Customer_457,O01046,2024-02-13,Credit Card,980,P005,2.0,26558.0,Oneplus,Tablet,41247.38888888889
C0457,Customer_457,2025-02-13,city_Customer_457,O01046,2024-02-13,Credit Card,1251,P036,2.0,1626.0,Lenovo Ideapad,Tablet,40888.2
C0457,Customer_457,2025-02-13,city_Customer_457,O01090,2024-09-28,Upi,111,P018,0.0,41057.0,Dell Inspiron,Laptop,50919.833333333336
C0457,Customer_457,2025-02-13,city_Customer_457,O01090,2024-09-28,Upi,376,P053,0.0,17936.0,Iphone 13,Accessories,24279.52380952381
C0457,Customer_457,2025-02-13,city_Customer_457,O01090,2024-09-28,Upi,508,P004,2.0,49207.0,Lenovo Tab,Tablet,32011.4
C0457,Customer_457,2025-02-13,city_Customer_457,O01090,2024-09-28,Upi,1049,P036,1.0,28453.0,Lenovo Ideapad,Tablet,40888.2
C0457,Customer_457,2025-02-13,city_Customer_457,O01090,2024-09-28,Upi,1148,P024,1.0,34391.5,Macbook Air,Smart Phone,37230.45
C0458,Customer_458,2024-09-20,city_Customer_458,O00129,2025-05-05,Cash On Delivery,518,P017,3.0,54245.5,Keyboard,Smartphone,53396.91025641026
C0458,Customer_458,2024-09-20,city_Customer_458,O00129,2025-05-05,Cash On Delivery,1267,P010,2.0,89446.0,Iphone 13,Smart Phone,41625.760869565216
C0458,Customer_458,2024-09-20,city_Customer_458,O00167,2024-09-19,Credit Card,187,P003,1.0,40345.0,Hp Pavilion,Accessories,40489.0
C0458,Customer_458,2024-09-20,city_Customer_458,O00167,2024-09-19,Credit Card,945,P078,2.0,24986.0,Usb Hub,Accessory,70378.0
C0458,Customer_458,2024-09-20,city_Customer_458,O00731,2024-05-20,Upi,226,P056,2.0,50794.0,Samsung Galaxy,Smart Phone,49022.142857142855
C0458,Customer_458,2024-09-20,city_Customer_458,O00731,2024-05-20,Upi,1093,P039,2.0,69940.0,Xiaomi Redmi,Accessory,69520.0
C0459,Customer_459,2023-05-28,city_Customer_459,O00441,2024-04-12,Debit Card,1505,P033,4.0,42539.0,Wireless Mouse,Laptop,47453.0
C0459,Customer_459,2023-05-28,city_Customer_459,O01198,2024-05-29,Unknown,969,P011,3.0,1846.0,Lenovo Ideapad,Accessories,50263.19047619047
C0461,Customer_461,2024-06-02,city_Customer_461,O00614,2024-09-03,Cash On Delivery,1214,P056,3.0,50794.0,Samsung Galaxy,Smart Phone,49022.142857142855
C0461,Customer_461,2024-06-02,city_Customer_461,O00614,2024-09-03,Cash On Delivery,1333,P009,3.0,59337.0,Iphone 13,Tablet,70582.0
C0461,Customer_461,2024-06-02,city_Customer_461,O00614,2024-09-03,Cash On Delivery,1344,P026,0.0,43771.5,Xiaomi Redmi,Laptop,42897.775862068964
C0462,Customer_462,2023-02-07,city_Customer_462,O00068,2025-01-10,Credit Card,47,P027,1.0,32491.5,Ipad Air,Smart Phone,40595.0
C0463,Customer_463,2023-06-15,city_Customer_463,O00084,2024-05-25,Upi,16,P066,2.0,37100.5,Samsung Tab,Smart Phone,39443.125
C0463,Customer_463,2023-06-15,city_Customer_463,O00084,2024-05-25,Upi,857,P019,2.0,38300.0,Samsung Galaxy,Smartphone,40344.217391304344
C0465,Customer_465,2023-06-22,city_Customer_465,O00430,2024-07-26,Cash On Delivery,856,P071,3.0,86702.0,Iphone 13,Tablet,65274.0
C0465,Customer_465,2023-06-22,city_Customer_465,O00430,2024-07-26,Cash On Delivery,1314,P008,1.0,20782.0,Hp Pavilion,Accessory,38717.39473684211
C0465,Customer_465,2023-06-22,city_Customer_465,O00461,2024-10-13,Cash On Delivery,1574,P054,0.0,58260.0,Laptop Bag,Smartphone,34450.0
C0465,Customer_465,2023-06-22,city_Customer_465,O00507,2024-05-10,Cash On Delivery,515,P017,2.0,72109.0,Keyboard,Smartphone,53396.91025641026
C0465,Customer_465,2023-06-22,city_Customer_465,O00507,2024-05-10,Cash On Delivery,1507,P040,0.0,36892.0,Keyboard,Smartphone,43837.91935483871
C0465,Customer_465,2023-06-22,city_Customer_465,O00745,2025-05-11,Unknown,789,P051,1.0,43166.0,Keyboard,Smart Phone,18522.0
C0466,Customer_466,2023-04-28,city_Customer_466,O00583,2024-07-26,Unknown,1253,P020,4.0,64903.0,Dell Inspiron,Smartphone,42083.15789473684
C0467,Customer_467,2024-10-13,city_Customer_467,O00517,2025-05-12,Upi,289,P075,1.0,67962.0,Iphone 13,Smart Phone,65357.26666666667
C0467,Customer_467,2024-10-13,city_Customer_467,O00517,2025-05-12,Upi,665,P018,4.0,35502.0,Dell Inspiron,Laptop,50919.833333333336
C0467,Customer_467,2024-10-13,city_Customer_467,O00517,2025-05-12,Upi,1621,P039,3.0,53140.0,Xiaomi Redmi,Accessory,69520.0
C0467,Customer_467,2024-10-13,city_Customer_467,O00517,2025-05-12,Upi,1940,P004,2.0,26159.0,Lenovo Tab,Tablet,32011.4
C0467,Customer_467,2024-10-13,city_Customer_467,O01001,2025-04-29,Unknown,1353,P061,0.0,71257.0,Lenovo Tab,Tablet,41829.80952380953
C0468,Customer_468,2024-07-22,city_Customer_468,O00578,2025-04-15,Upi,828,P002,4.0,49415.0,Samsung Tab,Smartphone,68660.0
C0468,Customer_468,2024-07-22,city_Customer_468,O01115,2024-11-25,Cash On Delivery,1975,P069,3.0,38257.0,Usb Hub,Laptop,39186.36842105263
C0469,Customer_469,2023-04-18,city_Customer_469,O00791,2024-07-22,Upi,1577,P055,2.0,41807.0,Keyboard,Accessory,40085.583333333336
C0470,Customer_470,2024-10-06,city_Customer_470,O00111,2024-09-06,Cash On Delivery,1055,P032,2.0,52315.0,Ipad Air,Tablet,6095.0
C0470,Customer_470,2024-10-06,city_Customer_470,O00111,2024-09-06,Cash On Delivery,1500,P022,0.0,31350.5,Samsung Tab,Accessory,33689.54878048781
C0470,Customer_470,2024-10-06,city_Customer_470,O00686,2024-01-18,Unknown,348,P017,4.0,54245.5,Keyboard,Smartphone,53396.91025641026
C0470,Customer_470,2024-10-06,city_Customer_470,O00686,2024-01-18,Unknown,801,P001,1.0,9337.0,Lenovo Ideapad,Tablet,28151.0
C0470,Customer_470,2024-10-06,city_Customer_470,O00686,2024-01-18,Unknown,1316,P066,3.0,37100.5,Samsung Tab,Smart Phone,39443.125
C0470,Customer_470,2024-10-06,city_Customer_470,O00816,2024-03-23,Upi,1615,P076,1.0,58608.0,Wireless Mouse,Accessory,15249.0
C0470,Customer_470,2024-10-06,city_Customer_470,O00816,2024-03-23,Upi,1840,P076,3.0,58608.0,Wireless Mouse,Accessory,15249.0
C0470,Customer_470,2024-10-06,city_Customer_470,O00816,2024-03-23,Upi,1914,P013,0.0,30560.0,Samsung Galaxy,Smart Phone,51735.0
C0471,Customer_471,2025-03-27,city_Customer_471,O00853,2024-10-11,Unknown,1714,P066,2.0,53958.0,Samsung Tab,Smart Phone,39443.125
C0472,Customer_472,2024-01-13,city_Customer_472,O00205,2025-04-01,Debit Card,477,P034,0.0,32950.0,Laptop Bag,Laptop,37213.31578947369
C0472,Customer_472,2024-01-13,city_Customer_472,O00205,2025-04-01,Debit Card,861,P060,4.0,55826.0,Usb Hub,Laptop,31558.076923076922
C0472,Customer_472,2024-01-13,city_Customer_472,O00529,2024-03-31,Upi,558,P017,2.0,54245.5,Keyboard,Smartphone,53396.91025641026
C0472,Customer_472,2024-01-13,city_Customer_472,O00529,2024-03-31,Upi,843,P028,1.0,36853.5,Samsung Galaxy,Tablet,35571.85294117647
C0472,Customer_472,2024-01-13,city_Customer_472,O00529,2024-03-31,Upi,1010,P035,2.0,80686.0,Laptop Bag,Laptop,77306.0
C0472,Customer_472,2024-01-13,city_Customer_472,O00529,2024-03-31,Upi,1162,P008,2.0,37548.5,Hp Pavilion,Accessory,38717.39473684211
C0472,Customer_472,2024-01-13,city_Customer_472,O00529,2024-03-31,Upi,1277,P038,1.0,56616.0,Xiaomi Redmi,Laptop,53205.84210526316
C0473,Customer_473,2023-12-05,city_Customer_473,O00247,2025-04-02,Cash On Delivery,685,P069,2.0,38257.0,Usb Hub,Laptop,39186.36842105263
C0473,Customer_473,2023-12-05,city_Customer_473,O00331,2025-05-03,Credit Card,230,P060,0.0,30084.0,Usb Hub,Laptop,31558.076923076922
C0473,Customer_473,2023-12-05,city_Customer_473,O00331,2025-05-03,Credit Card,1396,P052,4.0,52743.0,Xiaomi Redmi,Smart Phone,49998.94117647059
C0473,Customer_473,2023-12-05,city_Customer_473,O00331,2025-05-03,Credit Card,1793,P032,1.0,38474.0,Ipad Air,Tablet,6095.0
C0473,Customer_473,2023-12-05,city_Customer_473,O00770,2024-09-05,Credit Card,742,P024,2.0,21083.0,Macbook Air,Smart Phone,37230.45
C0473,Customer_473,2023-12-05,city_Customer_473,O00958,2024-01-16,Cash On Delivery,95,P035,1.0,40862.0,Laptop Bag,Laptop,77306.0
C0473,Customer_473,2023-12-05,city_Customer_473,O00958,2024-01-16,Cash On Delivery,782,P021,4.0,39340.5,Laptop Bag,Laptop,42623.545454545456
C0473,Customer_473,2023-12-05,city_Customer_473,O00958,2024-01-16,Cash On Delivery,978,P039,3.0,15564.0,Xiaomi Redmi,Accessory,69520.0
C0473,Customer_473,2023-12-05,city_Customer_473,O01002,2025-02-04,Credit Card,102,P021,0.0,39349.0,Laptop Bag,Laptop,42623.545454545456
C0473,Customer_473,2023-12-05,city_Customer_473,O01002,2025-02-04,Credit Card,191,P076,2.0,58608.0,Wireless Mouse,Accessory,15249.0
C0473,Customer_473,2023-12-05,city_Customer_473,O01027,2024-01-12,Credit Card,989,P033,4.0,42539.0,Wireless Mouse,Laptop,47453.0
C0474,Customer_474,2023-08-24,city_Customer_474,O00301,2024-07-05,Cash On Delivery,197,P003,3.0,60818.0,Hp Pavilion,Accessories,40489.0
C0474,Customer_474,2023-08-24,city_Customer_474,O00301,2024-07-05,Cash On Delivery,1413,P030,4.0,45160.0,Laptop Bag,Accessory,44051.0
C0474,Customer_474,2023-08-24,city_Customer_474,O00556,2024-12-24,Cash On Delivery,867,P069,2.0,16783.0,Usb Hub,Laptop,39186.36842105263
C0474,Customer_474,2023-08-24,city_Customer_474,O00556,2024-12-24,Cash On Delivery,1068,P062,3.0,43803.0,Dell Inspiron,Tablet,44048.24444444444
C0474,Customer_474,2023-08-24,city_Customer_474,O00556,2024-12-24,Cash On Delivery,1131,P062,3.0,43803.0,Dell Inspiron,Tablet,44048.24444444444
C0474,Customer_474,2023-08-24,city_Customer_474,O00556,2024-12-24,Cash On Delivery,1325,P047,3.0,27083.0,Oneplus,Smart Phone,33791.0
C0474,Customer_474,2023-08-24,city_Customer_474,O01028,2025-04-22,Credit Card,250,P009,4.0,59337.0,Iphone 13,Tablet,70582.0
C0474,Customer_474,2023-08-24,city_Customer_474,O01028,2025-04-22,Credit Card,257,P026,2.0,43771.5,Xiaomi Redmi,Laptop,42897.775862068964
C0474,Customer_474,2023-08-24,city_Customer_474,O01028,2025-04-22,Credit Card,1199,P035,2.0,43260.0,Laptop Bag,Laptop,77306.0
C0474,Customer_474,2023-08-24,city_Customer_474,O01028,2025-04-22,Credit Card,1241,P070,3.0,31917.0,Ipad Air,Tablet,33141.25
C0474,Customer_474,2023-08-24,city_Customer_474,O01037,2024-12-30,Credit Card,456,P031,2.0,57914.5,Samsung Tab,Accessories,57484.28571428572
C0475,Customer_475,2023-02-19,city_Customer_475,O00452,2025-03-23,Upi,937,P022,2.0,31350.5,Samsung Tab,Accessory,33689.54878048781
C0475,Customer_475,2023-02-19,city_Customer_475,O00452,2025-03-23,Upi,1373,P017,4.0,54245.5,Keyboard,Smartphone,53396.91025641026
C0476,Customer_476,2023-09-17,city_Customer_476,O00298,2025-01-31,Credit Card,307,P004,4.0,26159.0,Lenovo Tab,Tablet,32011.4
C0476,Customer_476,2023-09-17,city_Customer_476,O00298,2025-01-31,Credit Card,1122,P034,4.0,32950.0,Laptop Bag,Laptop,37213.31578947369
C0476,Customer_476,2023-09-17,city_Customer_476,O00576,2024-02-12,Credit Card,819,P020,3.0,42154.0,Dell Inspiron,Smartphone,42083.15789473684
C0476,Customer_476,2023-09-17,city_Customer_476,O00576,2024-02-12,Credit Card,1584,P010,3.0,38223.0,Iphone 13,Smart Phone,41625.760869565216
C0477,Customer_477,2024-11-10,city_Customer_477,O00092,2024-12-28,Debit Card,288,P018,3.0,48708.5,Dell Inspiron,Laptop,50919.833333333336
C0477,Customer_477,2024-11-10,city_Customer_477,O00092,2024-12-28,Debit Card,337,P043,3.0,51530.0,Usb Hub,Accessory,35204.98387096774
C0477,Customer_477,2024-11-10,city_Customer_477,O00092,2024-12-28,Debit Card,1741,P031,4.0,79272.0,Samsung Tab,Accessories,57484.28571428572
C0480,Customer_480,2024-03-18,city_Customer_480,O00126,2025-01-02,Upi,1433,P014,2.0,36532.0,Xiaomi Redmi,Laptop,5475.0
C0480,Customer_480,2024-03-18,city_Customer_480,O00436,2024-07-01,Cash On Delivery,1897,P030,4.0,45160.0,Laptop Bag,Accessory,44051.0
C0480,Customer_480,2024-03-18,city_Customer_480,O00785,2024-10-01,Upi,1822,P004,2.0,21949.0,Lenovo Tab,Tablet,32011.4
C0480,Customer_480,2024-03-18,city_Customer_480,O00942,2025-02-09,Upi,487,P010,2.0,38223.0,Iphone 13,Smart Phone,41625.760869565216
C0480,Customer_480,2024-03-18,city_Customer_480,O01032,2024-01-28,Upi,1060,P080,3.0,56159.0,Oneplus,Laptop,82478.0
C0480,Customer_480,2024-03-18,city_Customer_480,O01032,2024-01-28,Upi,1670,P076,3.0,58608.0,Wireless Mouse,Accessory,15249.0
C0481,Customer_481,2023-02-18,city_Customer_481,O00008,2024-11-24,Credit Card,409,P059,4.0,30040.0,Oneplus,Accessories,33875.24324324324
C0481,Customer_481,2023-02-18,city_Customer_481,O00011,2024-06-30,Debit Card,83,P026,2.0,43771.5,Xiaomi Redmi,Laptop,42897.775862068964
C0481,Customer_481,2023-02-18,city_Customer_481,O00011,2024-06-30,Debit Card,525,P024,0.0,56246.0,Macbook Air,Smart Phone,37230.45
C0481,Customer_481,2023-02-18,city_Customer_481,O00011,2024-06-30,Debit Card,909,P029,1.0,35095.5,Samsung Galaxy,Accessories,39583.26
C0481,Customer_481,2023-02-18,city_Customer_481,O00011,2024-06-30,Debit Card,1069,P021,2.0,39340.5,Laptop Bag,Laptop,42623.545454545456
C0481,Customer_481,2023-02-18,city_Customer_481,O00777,2024-12-20,Credit Card,340,P020,1.0,42154.0,Dell Inspiron,Smartphone,42083.15789473684
C0481,Customer_481,2023-02-18,city_Customer_481,O00777,2024-12-20,Credit Card,663,P049,2.0,28217.0,Wireless Mouse,Smartphone,61022.0
C0481,Customer_481,2023-02-18,city_Customer_481,O00777,2024-12-20,Credit Card,1789,P050,3.0,53856.0,Lenovo Ideapad,Tablet,59514.0
C0481,Customer_481,2023-02-18,city_Customer_481,O00914,2024-10-25,Cash On Delivery,145,P033,1.0,40337.0,Wireless Mouse,Laptop,47453.0
C0482,Customer_482,2024-09-19,city_Customer_482,O00706,2024-12-04,Cash On Delivery,1863,P067,0.0,85639.0,Usb Hub,Smartphone,33419.208333333336
C0482,Customer_482,2024-09-19,city_Customer_482,O00776,2024-03-27,Credit Card,635,P062,1.0,16837.0,Dell Inspiron,Tablet,44048.24444444444
C0482,Customer_482,2024-09-19,city_Customer_482,O00776,2024-03-27,Credit Card,1217,P033,0.0,18331.0,Wireless Mouse,Laptop,47453.0
C0482,Customer_482,2024-09-19,city_Customer_482,O00929,2024-06-20,Cash On Delivery,1394,P071,3.0,36132.5,Iphone 13,Tablet,65274.0
C0483,Customer_483,2023-02-25,city_Customer_483,O00122,2024-06-14,Debit Card,1678,P020,0.0,42154.0,Dell Inspiron,Smartphone,42083.15789473684
C0483,Customer_483,2023-02-25,city_Customer_483,O00190,2024-12-08,Credit Card,403,P076,1.0,58608.0,Wireless Mouse,Accessory,15249.0
C0483,Customer_483,2023-02-25,city_Customer_483,O00190,2024-12-08,Credit Card,1182,P010,4.0,38223.0,Iphone 13,Smart Phone,41625.760869565216
C0484,Customer_483,2023-11-08,city_Customer_483,O00067,2024-10-01,Credit Card,1092,P015,2.0,65664.0,Laptop Bag,Smart Phone,76755.0
C0484,Customer_483,2023-11-08,city_Customer_483,O00067,2024-10-01,Credit Card,1430,P040,2.0,41485.5,Keyboard,Smartphone,43837.91935483871
C0484,Customer_483,2023-11-08,city_Customer_483,O00904,2024-04-18,Cash On Delivery,1691,P044,1.0,51790.5,Oneplus,Tablet,13294.0
C0484,Customer_483,2023-11-08,city_Customer_483,O00943,2024-10-16,Credit Card,1232,P040,4.0,41485.5,Keyboard,Smartphone,43837.91935483871
C0485,Customer_485,2024-06-30,city_Customer_485,O00557,2024-03-31,Unknown,211,P006,2.0,52389.0,Laptop Bag,Tablet,61785.52173913043
C0485,Customer_485,2024-06-30,city_Customer_485,O00979,2024-04-25,Debit Card,138,P074,2.0,85963.0,Samsung Tab,Tablet,51600.791666666664
C0485,Customer_485,2024-06-30,city_Customer_485,O00979,2024-04-25,Debit Card,1065,P020,2.0,6079.0,Dell Inspiron,Smartphone,42083.15789473684
C0485,Customer_485,2024-06-30,city_Customer_485,O00979,2024-04-25,Debit Card,1564,P007,2.0,61681.0,Hp Pavilion,Accessories,57956.333333333336
C0485,Customer_485,2024-06-30,city_Customer_485,O01116,2025-05-05,Upi,90,P070,2.0,31917.0,Ipad Air,Tablet,33141.25
C0485,Customer_485,2024-06-30,city_Customer_485,O01116,2025-05-05,Upi,1516,P035,2.0,21321.0,Laptop Bag,Laptop,77306.0
C0488,Customer_488,2023-06-12,city_Customer_488,O00408,2025-05-10,Unknown,840,P077,2.0,36191.5,Wireless Mouse,Smart Phone,39614.833333333336
C0488,Customer_488,2023-06-12,city_Customer_488,O00463,2024-02-21,Cash On Delivery,127,P052,0.0,52743.0,Xiaomi Redmi,Smart Phone,49998.94117647059
C0488,Customer_488,2023-06-12,city_Customer_488,O00463,2024-02-21,Cash On Delivery,1987,P076,4.0,70585.0,Wireless Mouse,Accessory,15249.0
C0488,Customer_488,2023-06-12,city_Customer_488,O00960,2024-09-27,Upi,901,P078,1.0,46377.0,Usb Hub,Accessory,70378.0
C0488,Customer_488,2023-06-12,city_Customer_488,O00960,2024-09-27,Upi,1916,P077,0.0,36191.5,Wireless Mouse,Smart Phone,39614.833333333336
C0489,Customer_489,2024-12-25,city_Customer_489,O00525,2024-10-19,Credit Card,1551,P069,2.0,24661.0,Usb Hub,Laptop,39186.36842105263
C0490,Customer_490,2023-03-07,city_Customer_490,O00206,2024-08-28,Upi,91,P022,4.0,31350.5,Samsung Tab,Accessory,33689.54878048781
C0490,Customer_490,2023-03-07,city_Customer_490,O00206,2024-08-28,Upi,1483,P023,4.0,55038.0,Lenovo Tab,Tablet,48549.107142857145
C0490,Customer_490,2023-03-07,city_Customer_490,O00460,2025-01-25,Debit Card,69,P015,3.0,65664.0,Laptop Bag,Smart Phone,76755.0
C0490,Customer_490,2023-03-07,city_Customer_490,O00460,2025-01-25,Debit Card,424,P060,2.0,30084.0,Usb Hub,Laptop,31558.076923076922
C0490,Customer_490,2023-03-07,city_Customer_490,O00744,2024-10-21,Cash On Delivery,1694,P023,3.0,31748.0,Lenovo Tab,Tablet,48549.107142857145
C0492,Customer_492,2023-01-12,city_Customer_492,O00855,2025-04-17,Credit Card,1921,P047,4.0,21102.0,Oneplus,Smart Phone,33791.0
C0494,Customer_494,2024-03-30,city_Customer_494,O00868,2024-05-11,Upi,132,P021,4.0,39340.5,Laptop Bag,Laptop,42623.545454545456
C0494,Customer_494,2024-03-30,city_Customer_494,O00868,2024-05-11,Upi,1207,P007,3.0,36451.0,Hp Pavilion,Accessories,57956.333333333336
C0494,Customer_494,2024-03-30,city_Customer_494,O00868,2024-05-11,Upi,1820,P029,2.0,34307.0,Samsung Galaxy,Accessories,39583.26
C0495,Customer_495,2025-01-21,city_Customer_495,O00140,2024-02-28,Upi,534,P040,0.0,41485.5,Keyboard,Smartphone,43837.91935483871
C0495,Customer_495,2025-01-21,city_Customer_495,O00140,2024-02-28,Upi,1204,P064,2.0,59468.0,Lenovo Ideapad,Accessories,81129.0
C0495,Customer_495,2025-01-21,city_Customer_495,O00325,2024-05-01,Credit Card,740,P058,2.0,14722.0,Lenovo Ideapad,Smartphone,41597.0
C0495,Customer_495,2025-01-21,city_Customer_495,O00325,2024-05-01,Credit Card,1742,P017,4.0,54245.5,Keyboard,Smartphone,53396.91025641026
C0495,Customer_495,2025-01-21,city_Customer_495,O00325,2024-05-01,Credit Card,1944,P020,3.0,42154.0,Dell Inspiron,Smartphone,42083.15789473684
C0496,Customer_496,2023-01-01,city_Customer_496,O00029,2024-08-27,Unknown,313,P025,0.0,63996.0,Dell Inspiron,Laptop,84776.0
C0496,Customer_496,2023-01-01,city_Customer_496,O00734,2024-04-24,Cash On Delivery,615,P027,2.0,46288.0,Ipad Air,Smart Phone,40595.0
C0496,Customer_496,2023-01-01,city_Customer_496,O00734,2024-04-24,Cash On Delivery,1152,P027,0.0,32491.5,Ipad Air,Smart Phone,40595.0
C0496,Customer_496,2023-01-01,city_Customer_496,O00734,2024-04-24,Cash On Delivery,1992,P026,2.0,43771.5,Xiaomi Redmi,Laptop,42897.775862068964
C0496,Customer_496,2023-01-01,city_Customer_496,O00860,2025-01-16,Cash On Delivery,144,P012,3.0,51743.0,Lenovo Ideapad,Accessory,27157.0
C0496,Customer_496,2023-01-01,city_Customer_496,O00860,2025-01-16,Cash On Delivery,818,P010,0.0,38223.0,Iphone 13,Smart Phone,41625.760869565216
C0496,Customer_496,2023-01-01,city_Customer_496,O00860,2025-01-16,Cash On Delivery,1223,P033,2.0,39720.0,Wireless Mouse,Laptop,47453.0
C0496,Customer_496,2023-01-01,city_Customer_496,O01012,2024-08-16,Upi,116,P064,0.0,87243.0,Lenovo Ideapad,Accessories,81129.0
C0496,Customer_496,2023-01-01,city_Customer_496,O01012,2024-08-16,Upi,1414,P047,1.0,27083.0,Oneplus,Smart Phone,33791.0
C0496,Customer_496,2023-01-01,city_Customer_496,O01012,2024-08-16,Upi,1850,P062,2.0,22960.0,Dell Inspiron,Tablet,44048.24444444444
C0497,Customer_496,2023-01-26,city_Customer_496,O00608,2024-05-23,Upi,189,P078,2.0,46377.0,Usb Hub,Accessory,70378.0
C0498,Customer_498,2023-06-13,city_Customer_498,O00448,2024-07-26,Cash On Delivery,311,P037,3.0,36257.0,Iphone 13,Laptop,2571.0
C0498,Customer_498,2023-06-13,city_Customer_498,O00448,2024-07-26,Cash On Delivery,707,P047,3.0,20698.0,Oneplus,Smart Phone,33791.0
C0498,Customer_498,2023-06-13,city_Customer_498,O00489,2025-11-01,Upi,1082,P063,3.0,84965.0,Wireless Mouse,Accessories,49252.851851851854
C0498,Customer_498,2023-06-13,city_Customer_498,O00489,2025-11-01,Upi,1224,P076,3.0,30154.0,Wireless Mouse,Accessory,15249.0
C0498,Customer_498,2023-06-13,city_Customer_498,O00489,2025-11-01,Upi,1488,P043,2.0,72197.0,Usb Hub,Accessory,35204.98387096774
C0498,Customer_498,2023-06-13,city_Customer_498,O00789,2024-10-14,Upi,53,P028,4.0,41806.0,Samsung Galaxy,Tablet,35571.85294117647
C0498,Customer_498,2023-06-13,city_Customer_498,O01049,2024-08-30,Unknown,256,P042,1.0,80536.0,Hp Pavilion,Laptop,36647.529411764706
C0498,Customer_498,2023-06-13,city_Customer_498,O01049,2024-08-30,Unknown,1001,P072,1.0,16284.0,Dell Inspiron,Tablet,52421.12765957447
C0498,Customer_498,2023-06-13,city_Customer_498,O01049,2024-08-30,Unknown,1297,P064,0.0,35441.0,Lenovo Ideapad,Accessories,81129.0
